# 유로존(EA21 · 2026년 정의, 1985-01 부터 소급) 소비자신뢰지수 · 잔차(balance, %) · 계절조정 · Eurostat ei_bsco_m BS-CSMCI · 받은 날 2026-09-15
date,value
1985-01,-10.4
1985-02,-10.9
1985-03,-11.8
1985-04,-10.9
1985-05,-11.4
1985-06,-11.9
1985-07,-11.6
1985-08,-11.3
1985-09,-11.0
1985-10,-8.3
1985-11,-8.0
1985-12,-8.3
1986-01,-5.7
1986-02,-5.1
1986-03,-4.4
1986-04,-4.9
1986-05,-5.3
1986-06,-4.1
1986-07,-4.1
1986-08,-3.2
1986-09,-3.3
1986-10,-2.7
1986-11,-3.1
1986-12,-3.5
1987-01,-3.4
1987-02,-4.2
1987-03,-4.3
1987-04,-4.6
1987-05,-5.4
1987-06,-6.0
1987-07,-5.9
1987-08,-5.9
1987-09,-4.4
1987-10,-4.8
1987-11,-5.9
1987-12,-5.4
1988-01,-5.4
1988-02,-5.0
1988-03,-4.7
1988-04,-3.8
1988-05,-4.5
1988-06,-4.6
1988-07,-5.0
1988-08,-3.8
1988-09,-3.2
1988-10,-2.1
1988-11,-1.5
1988-12,-2.0
1989-01,-2.2
1989-02,-2.9
1989-03,-3.1
1989-04,-3.5
1989-05,-4.0
1989-06,-2.8
1989-07,-2.2
1989-08,-2.3
1989-09,-1.4
1989-10,-1.3
1989-11,-1.2
1989-12,-0.5
1990-01,-0.8
1990-02,-0.9
1990-03,-1.7
1990-04,-1.1
1990-05,-2.0
1990-06,-1.9
1990-07,-1.7
1990-08,-2.1
1990-09,-7.2
1990-10,-7.3
1990-11,-5.8
1990-12,-5.4
1991-01,-8.6
1991-02,-9.1
1991-03,-6.1
1991-04,-6.7
1991-05,-6.2
1991-06,-7.4
1991-07,-9.7
1991-08,-10.1
1991-09,-8.4
1991-10,-8.8
1991-11,-8.6
1991-12,-8.7
1992-01,-9.8
1992-02,-8.8
1992-03,-9.4
1992-04,-10.7
1992-05,-11.5
1992-06,-11.5
1992-07,-11.3
1992-08,-12.3
1992-09,-14.1
1992-10,-15.3
1992-11,-16.0
1992-12,-16.8
1993-01,-17.5
1993-02,-17.1
1993-03,-17.7
1993-04,-15.7
1993-05,-15.9
1993-06,-17.9
1993-07,-17.9
1993-08,-17.5
1993-09,-16.8
1993-10,-17.4
1993-11,-17.9
1993-12,-16.3
1994-01,-16.4
1994-02,-14.6
1994-03,-13.1
1994-04,-10.8
1994-05,-8.7
1994-06,-7.2
1994-07,-7.5
1994-08,-6.7
1994-09,-5.8
1994-10,-6.0
1994-11,-6.4
1994-12,-6.9
1995-01,-7.0
1995-02,-7.3
1995-03,-7.5
1995-04,-6.8
1995-05,-6.1
1995-06,-6.2
1995-07,-6.8
1995-08,-7.1
1995-09,-8.2
1995-10,-9.1
1995-11,-9.4
1995-12,-10.5
1996-01,-11.1
1996-02,-11.7
1996-03,-11.0
1996-04,-11.6
1996-05,-11.0
1996-06,-11.0
1996-07,-11.9
1996-08,-11.0
1996-09,-11.1
1996-10,-11.5
1996-11,-12.0
1996-12,-11.6
1997-01,-10.3
1997-02,-11.1
1997-03,-11.0
1997-04,-10.7
1997-05,-10.1
1997-06,-9.3
1997-07,-8.8
1997-08,-7.6
1997-09,-6.8
1997-10,-7.0
1997-11,-6.5
1997-12,-7.0
1998-01,-7.0
1998-02,-6.5
1998-03,-5.1
1998-04,-5.7
1998-05,-4.8
1998-06,-5.0
1998-07,-3.1
1998-08,-3.7
1998-09,-3.6
1998-10,-2.6
1998-11,-2.1
1998-12,-2.8
1999-01,-2.3
1999-02,-2.5
1999-03,-3.8
1999-04,-4.8
1999-05,-5.2
1999-06,-4.7
1999-07,-4.1
1999-08,-3.6
1999-09,-3.5
1999-10,-1.6
1999-11,-1.5
1999-12,-1.4
2000-01,-0.4
2000-02,-0.7
2000-03,-0.5
2000-04,-0.8
2000-05,-0.5
2000-06,-1.9
2000-07,-1.0
2000-08,-0.7
2000-09,-3.7
2000-10,-2.7
2000-11,-1.7
2000-12,-1.5
2001-01,-1.2
2001-02,-2.4
2001-03,-2.2
2001-04,-3.2
2001-05,-4.0
2001-06,-5.2
2001-07,-5.3
2001-08,-5.9
2001-09,-6.6
2001-10,-6.7
2001-11,-7.2
2001-12,-6.2
2002-01,-5.7
2002-02,-5.9
2002-03,-5.8
2002-04,-7.4
2002-05,-7.1
2002-06,-8.5
2002-07,-8.3
2002-08,-9.5
2002-09,-9.5
2002-10,-10.3
2002-11,-11.8
2002-12,-13.2
2003-01,-13.5
2003-02,-14.1
2003-03,-14.9
2003-04,-13.7
2003-05,-13.2
2003-06,-12.4
2003-07,-11.9
2003-08,-12.4
2003-09,-12.2
2003-10,-11.8
2003-11,-10.9
2003-12,-11.4
2004-01,-11.5
2004-02,-10.5
2004-03,-10.4
2004-04,-11.1
2004-05,-11.4
2004-06,-11.2
2004-07,-11.2
2004-08,-10.9
2004-09,-10.4
2004-10,-10.1
2004-11,-10.8
2004-12,-10.3
2005-01,-9.6
2005-02,-9.4
2005-03,-9.4
2005-04,-9.9
2005-05,-11.4
2005-06,-11.7
2005-07,-12.1
2005-08,-11.1
2005-09,-11.6
2005-10,-11.0
2005-11,-11.2
2005-12,-9.3
2006-01,-8.2
2006-02,-8.5
2006-03,-8.3
2006-04,-7.6
2006-05,-7.9
2006-06,-8.7
2006-07,-7.8
2006-08,-7.8
2006-09,-7.4
2006-10,-7.3
2006-11,-6.9
2006-12,-5.6
2007-01,-6.4
2007-02,-5.6
2007-03,-5.1
2007-04,-5.1
2007-05,-3.9
2007-06,-4.6
2007-07,-4.4
2007-08,-6.2
2007-09,-7.7
2007-10,-7.8
2007-11,-10.4
2007-12,-10.5
2008-01,-12.3
2008-02,-12.5
2008-03,-12.6
2008-04,-13.2
2008-05,-14.7
2008-06,-18.2
2008-07,-20.3
2008-08,-18.3
2008-09,-16.9
2008-10,-19.4
2008-11,-19.1
2008-12,-20.4
2009-01,-20.0
2009-02,-21.0
2009-03,-21.0
2009-04,-18.5
2009-05,-17.3
2009-06,-16.2
2009-07,-14.5
2009-08,-13.2
2009-09,-11.3
2009-10,-10.3
2009-11,-10.3
2009-12,-10.0
2010-01,-10.6
2010-02,-12.4
2010-03,-12.8
2010-04,-11.5
2010-05,-14.8
2010-06,-15.5
2010-07,-13.5
2010-08,-11.1
2010-09,-10.8
2010-10,-11.2
2010-11,-10.0
2010-12,-11.1
2011-01,-12.1
2011-02,-11.4
2011-03,-12.3
2011-04,-13.2
2011-05,-13.3
2011-06,-12.9
2011-07,-12.9
2011-08,-15.4
2011-09,-16.0
2011-10,-17.1
2011-11,-16.3
2011-12,-17.1
2012-01,-17.4
2012-02,-16.6
2012-03,-15.6
2012-04,-16.7
2012-05,-17.1
2012-06,-17.1
2012-07,-17.5
2012-08,-18.2
2012-09,-19.7
2012-10,-19.1
2012-11,-19.4
2012-12,-20.1
2013-01,-18.4
2013-02,-18.0
2013-03,-18.1
2013-04,-17.2
2013-05,-18.0
2013-06,-17.2
2013-07,-16.4
2013-08,-15.0
2013-09,-13.1
2013-10,-13.6
2013-11,-13.0
2013-12,-12.5
2014-01,-11.6
2014-02,-11.3
2014-03,-10.1
2014-04,-10.0
2014-05,-9.7
2014-06,-9.8
2014-07,-9.8
2014-08,-11.1
2014-09,-11.6
2014-10,-10.9
2014-11,-11.2
2014-12,-10.5
2015-01,-8.8
2015-02,-6.6
2015-03,-5.1
2015-04,-5.2
2015-05,-6.3
2015-06,-6.8
2015-07,-7.9
2015-08,-7.0
2015-09,-6.7
2015-10,-6.5
2015-11,-5.7
2015-12,-5.1
2016-01,-5.3
2016-02,-6.3
2016-03,-7.3
2016-04,-6.8
2016-05,-7.2
2016-06,-6.9
2016-07,-7.4
2016-08,-7.3
2016-09,-7.2
2016-10,-6.2
2016-11,-5.4
2016-12,-5.0
2017-01,-4.7
2017-02,-6.1
2017-03,-5.1
2017-04,-4.4
2017-05,-4.6
2017-06,-3.6
2017-07,-3.4
2017-08,-3.2
2017-09,-3.1
2017-10,-2.2
2017-11,-1.9
2017-12,-1.2
2018-01,-1.4
2018-02,-2.3
2018-03,-2.8
2018-04,-2.6
2018-05,-3.9
2018-06,-3.8
2018-07,-3.9
2018-08,-4.1
2018-09,-4.9
2018-10,-4.1
2018-11,-4.7
2018-12,-6.1
2019-01,-5.3
2019-02,-5.4
2019-03,-4.8
2019-04,-5.3
2019-05,-4.9
2019-06,-5.6
2019-07,-5.2
2019-08,-6.0
2019-09,-5.5
2019-10,-5.9
2019-11,-5.3
2019-12,-6.4
2020-01,-5.9
2020-02,-5.0
2020-03,-10.9
2020-04,-23.2
2020-05,-19.0
2020-06,-13.2
2020-07,-13.4
2020-08,-13.0
2020-09,-11.7
2020-10,-13.3
2020-11,-15.4
2020-12,-10.9
2021-01,-12.6
2021-02,-12.0
2021-03,-8.5
2021-04,-8.4
2021-05,-4.2
2021-06,-0.9
2021-07,-2.6
2021-08,-4.1
2021-09,-2.5
2021-10,-4.0
2021-11,-6.9
2021-12,-8.1
2022-01,-8.3
2022-02,-8.3
2022-03,-20.6
2022-04,-20.8
2022-05,-20.0
2022-06,-22.7
2022-07,-26.1
2022-08,-23.8
2022-09,-27.5
2022-10,-26.2
2022-11,-22.6
2022-12,-20.8
2023-01,-19.5
2023-02,-17.8
2023-03,-17.7
2023-04,-15.7
2023-05,-15.8
2023-06,-14.7
2023-07,-13.9
2023-08,-14.7
2023-09,-16.6
2023-10,-16.7
2023-11,-15.7
2023-12,-13.8
2024-01,-14.6
2024-02,-14.2
2024-03,-13.4
2024-04,-12.9
2024-05,-12.7
2024-06,-12.4
2024-07,-11.5
2024-08,-12.0
2024-09,-11.6
2024-10,-11.1
2024-11,-12.2
2024-12,-12.6
2025-01,-12.5
2025-02,-12.5
2025-03,-13.2
2025-04,-15.0
2025-05,-13.5
2025-06,-13.9
2025-07,-13.5
2025-08,-14.1
2025-09,-13.5
2025-10,-12.7
2025-11,-12.9
2025-12,-13.3
2026-01,-12.5
2026-02,-12.4
2026-03,-16.3
2026-04,-20.5
2026-05,-18.9
2026-06,-17.6
2026-07,-15.9
2026-08,-15.5
