# FOMC 정책금리 목표 (%, 그 달 말 기준) · 당시 연준 의장
# Source: 연준 openmarket.htm + openmarket_archive.htm · 변경 109건
# 의장은 aboutthefed/bios/board/boardmembership.htm 에서 확인했다(2026-08-29).
# 2008-12 이전은 단일 목표라 하단=상단이다. 그 뒤로 범위가 됐다.
# Range: 1990-07 ~ 2026-09 | scripts/fed_official.py
date,목표하단,목표상단,의장
1990-07,8.00,8.00,앨런 그린스펀
1990-08,8.00,8.00,앨런 그린스펀
1990-09,8.00,8.00,앨런 그린스펀
1990-10,7.75,7.75,앨런 그린스펀
1990-11,7.50,7.50,앨런 그린스펀
1990-12,7.00,7.00,앨런 그린스펀
1991-01,6.75,6.75,앨런 그린스펀
1991-02,6.25,6.25,앨런 그린스펀
1991-03,6.00,6.00,앨런 그린스펀
1991-04,5.75,5.75,앨런 그린스펀
1991-05,5.75,5.75,앨런 그린스펀
1991-06,5.75,5.75,앨런 그린스펀
1991-07,5.75,5.75,앨런 그린스펀
1991-08,5.50,5.50,앨런 그린스펀
1991-09,5.25,5.25,앨런 그린스펀
1991-10,5.00,5.00,앨런 그린스펀
1991-11,4.75,4.75,앨런 그린스펀
1991-12,4.00,4.00,앨런 그린스펀
1992-01,4.00,4.00,앨런 그린스펀
1992-02,4.00,4.00,앨런 그린스펀
1992-03,4.00,4.00,앨런 그린스펀
1992-04,3.75,3.75,앨런 그린스펀
1992-05,3.75,3.75,앨런 그린스펀
1992-06,3.75,3.75,앨런 그린스펀
1992-07,3.25,3.25,앨런 그린스펀
1992-08,3.25,3.25,앨런 그린스펀
1992-09,3.00,3.00,앨런 그린스펀
1992-10,3.00,3.00,앨런 그린스펀
1992-11,3.00,3.00,앨런 그린스펀
1992-12,3.00,3.00,앨런 그린스펀
1993-01,3.00,3.00,앨런 그린스펀
1993-02,3.00,3.00,앨런 그린스펀
1993-03,3.00,3.00,앨런 그린스펀
1993-04,3.00,3.00,앨런 그린스펀
1993-05,3.00,3.00,앨런 그린스펀
1993-06,3.00,3.00,앨런 그린스펀
1993-07,3.00,3.00,앨런 그린스펀
1993-08,3.00,3.00,앨런 그린스펀
1993-09,3.00,3.00,앨런 그린스펀
1993-10,3.00,3.00,앨런 그린스펀
1993-11,3.00,3.00,앨런 그린스펀
1993-12,3.00,3.00,앨런 그린스펀
1994-01,3.00,3.00,앨런 그린스펀
1994-02,3.25,3.25,앨런 그린스펀
1994-03,3.50,3.50,앨런 그린스펀
1994-04,3.75,3.75,앨런 그린스펀
1994-05,4.25,4.25,앨런 그린스펀
1994-06,4.25,4.25,앨런 그린스펀
1994-07,4.25,4.25,앨런 그린스펀
1994-08,4.75,4.75,앨런 그린스펀
1994-09,4.75,4.75,앨런 그린스펀
1994-10,4.75,4.75,앨런 그린스펀
1994-11,5.50,5.50,앨런 그린스펀
1994-12,5.50,5.50,앨런 그린스펀
1995-01,5.50,5.50,앨런 그린스펀
1995-02,6.00,6.00,앨런 그린스펀
1995-03,6.00,6.00,앨런 그린스펀
1995-04,6.00,6.00,앨런 그린스펀
1995-05,6.00,6.00,앨런 그린스펀
1995-06,6.00,6.00,앨런 그린스펀
1995-07,5.75,5.75,앨런 그린스펀
1995-08,5.75,5.75,앨런 그린스펀
1995-09,5.75,5.75,앨런 그린스펀
1995-10,5.75,5.75,앨런 그린스펀
1995-11,5.75,5.75,앨런 그린스펀
1995-12,5.50,5.50,앨런 그린스펀
1996-01,5.25,5.25,앨런 그린스펀
1996-02,5.25,5.25,앨런 그린스펀
1996-03,5.25,5.25,앨런 그린스펀
1996-04,5.25,5.25,앨런 그린스펀
1996-05,5.25,5.25,앨런 그린스펀
1996-06,5.25,5.25,앨런 그린스펀
1996-07,5.25,5.25,앨런 그린스펀
1996-08,5.25,5.25,앨런 그린스펀
1996-09,5.25,5.25,앨런 그린스펀
1996-10,5.25,5.25,앨런 그린스펀
1996-11,5.25,5.25,앨런 그린스펀
1996-12,5.25,5.25,앨런 그린스펀
1997-01,5.25,5.25,앨런 그린스펀
1997-02,5.25,5.25,앨런 그린스펀
1997-03,5.50,5.50,앨런 그린스펀
1997-04,5.50,5.50,앨런 그린스펀
1997-05,5.50,5.50,앨런 그린스펀
1997-06,5.50,5.50,앨런 그린스펀
1997-07,5.50,5.50,앨런 그린스펀
1997-08,5.50,5.50,앨런 그린스펀
1997-09,5.50,5.50,앨런 그린스펀
1997-10,5.50,5.50,앨런 그린스펀
1997-11,5.50,5.50,앨런 그린스펀
1997-12,5.50,5.50,앨런 그린스펀
1998-01,5.50,5.50,앨런 그린스펀
1998-02,5.50,5.50,앨런 그린스펀
1998-03,5.50,5.50,앨런 그린스펀
1998-04,5.50,5.50,앨런 그린스펀
1998-05,5.50,5.50,앨런 그린스펀
1998-06,5.50,5.50,앨런 그린스펀
1998-07,5.50,5.50,앨런 그린스펀
1998-08,5.50,5.50,앨런 그린스펀
1998-09,5.25,5.25,앨런 그린스펀
1998-10,5.00,5.00,앨런 그린스펀
1998-11,4.75,4.75,앨런 그린스펀
1998-12,4.75,4.75,앨런 그린스펀
1999-01,4.75,4.75,앨런 그린스펀
1999-02,4.75,4.75,앨런 그린스펀
1999-03,4.75,4.75,앨런 그린스펀
1999-04,4.75,4.75,앨런 그린스펀
1999-05,4.75,4.75,앨런 그린스펀
1999-06,5.00,5.00,앨런 그린스펀
1999-07,5.00,5.00,앨런 그린스펀
1999-08,5.25,5.25,앨런 그린스펀
1999-09,5.25,5.25,앨런 그린스펀
1999-10,5.25,5.25,앨런 그린스펀
1999-11,5.50,5.50,앨런 그린스펀
1999-12,5.50,5.50,앨런 그린스펀
2000-01,5.50,5.50,앨런 그린스펀
2000-02,5.75,5.75,앨런 그린스펀
2000-03,6.00,6.00,앨런 그린스펀
2000-04,6.00,6.00,앨런 그린스펀
2000-05,6.50,6.50,앨런 그린스펀
2000-06,6.50,6.50,앨런 그린스펀
2000-07,6.50,6.50,앨런 그린스펀
2000-08,6.50,6.50,앨런 그린스펀
2000-09,6.50,6.50,앨런 그린스펀
2000-10,6.50,6.50,앨런 그린스펀
2000-11,6.50,6.50,앨런 그린스펀
2000-12,6.50,6.50,앨런 그린스펀
2001-01,5.50,5.50,앨런 그린스펀
2001-02,5.50,5.50,앨런 그린스펀
2001-03,5.00,5.00,앨런 그린스펀
2001-04,4.50,4.50,앨런 그린스펀
2001-05,4.00,4.00,앨런 그린스펀
2001-06,3.75,3.75,앨런 그린스펀
2001-07,3.75,3.75,앨런 그린스펀
2001-08,3.50,3.50,앨런 그린스펀
2001-09,3.00,3.00,앨런 그린스펀
2001-10,2.50,2.50,앨런 그린스펀
2001-11,2.00,2.00,앨런 그린스펀
2001-12,1.75,1.75,앨런 그린스펀
2002-01,1.75,1.75,앨런 그린스펀
2002-02,1.75,1.75,앨런 그린스펀
2002-03,1.75,1.75,앨런 그린스펀
2002-04,1.75,1.75,앨런 그린스펀
2002-05,1.75,1.75,앨런 그린스펀
2002-06,1.75,1.75,앨런 그린스펀
2002-07,1.75,1.75,앨런 그린스펀
2002-08,1.75,1.75,앨런 그린스펀
2002-09,1.75,1.75,앨런 그린스펀
2002-10,1.75,1.75,앨런 그린스펀
2002-11,1.25,1.25,앨런 그린스펀
2002-12,1.25,1.25,앨런 그린스펀
2003-01,1.25,1.25,앨런 그린스펀
2003-02,1.25,1.25,앨런 그린스펀
2003-03,1.25,1.25,앨런 그린스펀
2003-04,1.25,1.25,앨런 그린스펀
2003-05,1.25,1.25,앨런 그린스펀
2003-06,1.00,1.00,앨런 그린스펀
2003-07,1.00,1.00,앨런 그린스펀
2003-08,1.00,1.00,앨런 그린스펀
2003-09,1.00,1.00,앨런 그린스펀
2003-10,1.00,1.00,앨런 그린스펀
2003-11,1.00,1.00,앨런 그린스펀
2003-12,1.00,1.00,앨런 그린스펀
2004-01,1.00,1.00,앨런 그린스펀
2004-02,1.00,1.00,앨런 그린스펀
2004-03,1.00,1.00,앨런 그린스펀
2004-04,1.00,1.00,앨런 그린스펀
2004-05,1.00,1.00,앨런 그린스펀
2004-06,1.25,1.25,앨런 그린스펀
2004-07,1.25,1.25,앨런 그린스펀
2004-08,1.50,1.50,앨런 그린스펀
2004-09,1.75,1.75,앨런 그린스펀
2004-10,1.75,1.75,앨런 그린스펀
2004-11,2.00,2.00,앨런 그린스펀
2004-12,2.25,2.25,앨런 그린스펀
2005-01,2.25,2.25,앨런 그린스펀
2005-02,2.50,2.50,앨런 그린스펀
2005-03,2.75,2.75,앨런 그린스펀
2005-04,2.75,2.75,앨런 그린스펀
2005-05,3.00,3.00,앨런 그린스펀
2005-06,3.25,3.25,앨런 그린스펀
2005-07,3.25,3.25,앨런 그린스펀
2005-08,3.50,3.50,앨런 그린스펀
2005-09,3.75,3.75,앨런 그린스펀
2005-10,3.75,3.75,앨런 그린스펀
2005-11,4.00,4.00,앨런 그린스펀
2005-12,4.25,4.25,앨런 그린스펀
2006-01,4.50,4.50,앨런 그린스펀
2006-02,4.50,4.50,벤 버냉키
2006-03,4.75,4.75,벤 버냉키
2006-04,4.75,4.75,벤 버냉키
2006-05,5.00,5.00,벤 버냉키
2006-06,5.25,5.25,벤 버냉키
2006-07,5.25,5.25,벤 버냉키
2006-08,5.25,5.25,벤 버냉키
2006-09,5.25,5.25,벤 버냉키
2006-10,5.25,5.25,벤 버냉키
2006-11,5.25,5.25,벤 버냉키
2006-12,5.25,5.25,벤 버냉키
2007-01,5.25,5.25,벤 버냉키
2007-02,5.25,5.25,벤 버냉키
2007-03,5.25,5.25,벤 버냉키
2007-04,5.25,5.25,벤 버냉키
2007-05,5.25,5.25,벤 버냉키
2007-06,5.25,5.25,벤 버냉키
2007-07,5.25,5.25,벤 버냉키
2007-08,5.25,5.25,벤 버냉키
2007-09,4.75,4.75,벤 버냉키
2007-10,4.50,4.50,벤 버냉키
2007-11,4.50,4.50,벤 버냉키
2007-12,4.25,4.25,벤 버냉키
2008-01,3.00,3.00,벤 버냉키
2008-02,3.00,3.00,벤 버냉키
2008-03,2.25,2.25,벤 버냉키
2008-04,2.00,2.00,벤 버냉키
2008-05,2.00,2.00,벤 버냉키
2008-06,2.00,2.00,벤 버냉키
2008-07,2.00,2.00,벤 버냉키
2008-08,2.00,2.00,벤 버냉키
2008-09,2.00,2.00,벤 버냉키
2008-10,1.00,1.00,벤 버냉키
2008-11,1.00,1.00,벤 버냉키
2008-12,0.00,0.25,벤 버냉키
2009-01,0.00,0.25,벤 버냉키
2009-02,0.00,0.25,벤 버냉키
2009-03,0.00,0.25,벤 버냉키
2009-04,0.00,0.25,벤 버냉키
2009-05,0.00,0.25,벤 버냉키
2009-06,0.00,0.25,벤 버냉키
2009-07,0.00,0.25,벤 버냉키
2009-08,0.00,0.25,벤 버냉키
2009-09,0.00,0.25,벤 버냉키
2009-10,0.00,0.25,벤 버냉키
2009-11,0.00,0.25,벤 버냉키
2009-12,0.00,0.25,벤 버냉키
2010-01,0.00,0.25,벤 버냉키
2010-02,0.00,0.25,벤 버냉키
2010-03,0.00,0.25,벤 버냉키
2010-04,0.00,0.25,벤 버냉키
2010-05,0.00,0.25,벤 버냉키
2010-06,0.00,0.25,벤 버냉키
2010-07,0.00,0.25,벤 버냉키
2010-08,0.00,0.25,벤 버냉키
2010-09,0.00,0.25,벤 버냉키
2010-10,0.00,0.25,벤 버냉키
2010-11,0.00,0.25,벤 버냉키
2010-12,0.00,0.25,벤 버냉키
2011-01,0.00,0.25,벤 버냉키
2011-02,0.00,0.25,벤 버냉키
2011-03,0.00,0.25,벤 버냉키
2011-04,0.00,0.25,벤 버냉키
2011-05,0.00,0.25,벤 버냉키
2011-06,0.00,0.25,벤 버냉키
2011-07,0.00,0.25,벤 버냉키
2011-08,0.00,0.25,벤 버냉키
2011-09,0.00,0.25,벤 버냉키
2011-10,0.00,0.25,벤 버냉키
2011-11,0.00,0.25,벤 버냉키
2011-12,0.00,0.25,벤 버냉키
2012-01,0.00,0.25,벤 버냉키
2012-02,0.00,0.25,벤 버냉키
2012-03,0.00,0.25,벤 버냉키
2012-04,0.00,0.25,벤 버냉키
2012-05,0.00,0.25,벤 버냉키
2012-06,0.00,0.25,벤 버냉키
2012-07,0.00,0.25,벤 버냉키
2012-08,0.00,0.25,벤 버냉키
2012-09,0.00,0.25,벤 버냉키
2012-10,0.00,0.25,벤 버냉키
2012-11,0.00,0.25,벤 버냉키
2012-12,0.00,0.25,벤 버냉키
2013-01,0.00,0.25,벤 버냉키
2013-02,0.00,0.25,벤 버냉키
2013-03,0.00,0.25,벤 버냉키
2013-04,0.00,0.25,벤 버냉키
2013-05,0.00,0.25,벤 버냉키
2013-06,0.00,0.25,벤 버냉키
2013-07,0.00,0.25,벤 버냉키
2013-08,0.00,0.25,벤 버냉키
2013-09,0.00,0.25,벤 버냉키
2013-10,0.00,0.25,벤 버냉키
2013-11,0.00,0.25,벤 버냉키
2013-12,0.00,0.25,벤 버냉키
2014-01,0.00,0.25,벤 버냉키
2014-02,0.00,0.25,재닛 옐런
2014-03,0.00,0.25,재닛 옐런
2014-04,0.00,0.25,재닛 옐런
2014-05,0.00,0.25,재닛 옐런
2014-06,0.00,0.25,재닛 옐런
2014-07,0.00,0.25,재닛 옐런
2014-08,0.00,0.25,재닛 옐런
2014-09,0.00,0.25,재닛 옐런
2014-10,0.00,0.25,재닛 옐런
2014-11,0.00,0.25,재닛 옐런
2014-12,0.00,0.25,재닛 옐런
2015-01,0.00,0.25,재닛 옐런
2015-02,0.00,0.25,재닛 옐런
2015-03,0.00,0.25,재닛 옐런
2015-04,0.00,0.25,재닛 옐런
2015-05,0.00,0.25,재닛 옐런
2015-06,0.00,0.25,재닛 옐런
2015-07,0.00,0.25,재닛 옐런
2015-08,0.00,0.25,재닛 옐런
2015-09,0.00,0.25,재닛 옐런
2015-10,0.00,0.25,재닛 옐런
2015-11,0.00,0.25,재닛 옐런
2015-12,0.25,0.50,재닛 옐런
2016-01,0.25,0.50,재닛 옐런
2016-02,0.25,0.50,재닛 옐런
2016-03,0.25,0.50,재닛 옐런
2016-04,0.25,0.50,재닛 옐런
2016-05,0.25,0.50,재닛 옐런
2016-06,0.25,0.50,재닛 옐런
2016-07,0.25,0.50,재닛 옐런
2016-08,0.25,0.50,재닛 옐런
2016-09,0.25,0.50,재닛 옐런
2016-10,0.25,0.50,재닛 옐런
2016-11,0.25,0.50,재닛 옐런
2016-12,0.50,0.75,재닛 옐런
2017-01,0.50,0.75,재닛 옐런
2017-02,0.50,0.75,재닛 옐런
2017-03,0.75,1.00,재닛 옐런
2017-04,0.75,1.00,재닛 옐런
2017-05,0.75,1.00,재닛 옐런
2017-06,1.00,1.25,재닛 옐런
2017-07,1.00,1.25,재닛 옐런
2017-08,1.00,1.25,재닛 옐런
2017-09,1.00,1.25,재닛 옐런
2017-10,1.00,1.25,재닛 옐런
2017-11,1.00,1.25,재닛 옐런
2017-12,1.25,1.50,재닛 옐런
2018-01,1.25,1.50,재닛 옐런
2018-02,1.25,1.50,제롬 파월
2018-03,1.50,1.75,제롬 파월
2018-04,1.50,1.75,제롬 파월
2018-05,1.50,1.75,제롬 파월
2018-06,1.75,2.00,제롬 파월
2018-07,1.75,2.00,제롬 파월
2018-08,1.75,2.00,제롬 파월
2018-09,2.00,2.25,제롬 파월
2018-10,2.00,2.25,제롬 파월
2018-11,2.00,2.25,제롬 파월
2018-12,2.25,2.50,제롬 파월
2019-01,2.25,2.50,제롬 파월
2019-02,2.25,2.50,제롬 파월
2019-03,2.25,2.50,제롬 파월
2019-04,2.25,2.50,제롬 파월
2019-05,2.25,2.50,제롬 파월
2019-06,2.25,2.50,제롬 파월
2019-07,2.25,2.50,제롬 파월
2019-08,2.00,2.25,제롬 파월
2019-09,1.75,2.00,제롬 파월
2019-10,1.50,1.75,제롬 파월
2019-11,1.50,1.75,제롬 파월
2019-12,1.50,1.75,제롬 파월
2020-01,1.50,1.75,제롬 파월
2020-02,1.50,1.75,제롬 파월
2020-03,0.00,0.25,제롬 파월
2020-04,0.00,0.25,제롬 파월
2020-05,0.00,0.25,제롬 파월
2020-06,0.00,0.25,제롬 파월
2020-07,0.00,0.25,제롬 파월
2020-08,0.00,0.25,제롬 파월
2020-09,0.00,0.25,제롬 파월
2020-10,0.00,0.25,제롬 파월
2020-11,0.00,0.25,제롬 파월
2020-12,0.00,0.25,제롬 파월
2021-01,0.00,0.25,제롬 파월
2021-02,0.00,0.25,제롬 파월
2021-03,0.00,0.25,제롬 파월
2021-04,0.00,0.25,제롬 파월
2021-05,0.00,0.25,제롬 파월
2021-06,0.00,0.25,제롬 파월
2021-07,0.00,0.25,제롬 파월
2021-08,0.00,0.25,제롬 파월
2021-09,0.00,0.25,제롬 파월
2021-10,0.00,0.25,제롬 파월
2021-11,0.00,0.25,제롬 파월
2021-12,0.00,0.25,제롬 파월
2022-01,0.00,0.25,제롬 파월
2022-02,0.00,0.25,제롬 파월
2022-03,0.25,0.50,제롬 파월
2022-04,0.25,0.50,제롬 파월
2022-05,0.75,1.00,제롬 파월
2022-06,1.50,1.75,제롬 파월
2022-07,2.25,2.50,제롬 파월
2022-08,2.25,2.50,제롬 파월
2022-09,3.00,3.25,제롬 파월
2022-10,3.00,3.25,제롬 파월
2022-11,3.75,4.00,제롬 파월
2022-12,4.25,4.50,제롬 파월
2023-01,4.25,4.50,제롬 파월
2023-02,4.50,4.75,제롬 파월
2023-03,4.75,5.00,제롬 파월
2023-04,4.75,5.00,제롬 파월
2023-05,5.00,5.25,제롬 파월
2023-06,5.00,5.25,제롬 파월
2023-07,5.25,5.50,제롬 파월
2023-08,5.25,5.50,제롬 파월
2023-09,5.25,5.50,제롬 파월
2023-10,5.25,5.50,제롬 파월
2023-11,5.25,5.50,제롬 파월
2023-12,5.25,5.50,제롬 파월
2024-01,5.25,5.50,제롬 파월
2024-02,5.25,5.50,제롬 파월
2024-03,5.25,5.50,제롬 파월
2024-04,5.25,5.50,제롬 파월
2024-05,5.25,5.50,제롬 파월
2024-06,5.25,5.50,제롬 파월
2024-07,5.25,5.50,제롬 파월
2024-08,5.25,5.50,제롬 파월
2024-09,4.75,5.00,제롬 파월
2024-10,4.75,5.00,제롬 파월
2024-11,4.50,4.75,제롬 파월
2024-12,4.25,4.50,제롬 파월
2025-01,4.25,4.50,제롬 파월
2025-02,4.25,4.50,제롬 파월
2025-03,4.25,4.50,제롬 파월
2025-04,4.25,4.50,제롬 파월
2025-05,4.25,4.50,제롬 파월
2025-06,4.25,4.50,제롬 파월
2025-07,4.25,4.50,제롬 파월
2025-08,4.25,4.50,제롬 파월
2025-09,4.00,4.25,제롬 파월
2025-10,3.75,4.00,제롬 파월
2025-11,3.75,4.00,제롬 파월
2025-12,3.50,3.75,제롬 파월
2026-01,3.50,3.75,제롬 파월
2026-02,3.50,3.75,제롬 파월
2026-03,3.50,3.75,제롬 파월
2026-04,3.50,3.75,제롬 파월
2026-05,3.50,3.75,케빈 워시
2026-06,3.50,3.75,케빈 워시
2026-07,3.50,3.75,케빈 워시
2026-08,3.50,3.75,케빈 워시
2026-09,3.50,3.75,케빈 워시
