# 알루미늄 (LME 99.5% 1차 알루미늄, 달러/톤, 월평균) · IMF 1차상품 가격 · FRED PALUMUSDM · scripts/commodities.py · 받은 날 2026-10-10
# IMF 가 매달 초에 앞 달 값을 낸다 — 1~2달 늦다. 원천이 정본이라 덮어쓴다.
date,value
1992-01,1181.2273
1992-02,1270.75
1992-03,1282.0227
1992-04,1317.125
1992-05,1306.7107
1992-06,1275.2727
1992-07,1314.3479
1992-08,1305.55
1992-09,1270.2144
1992-10,1180.8411
1992-11,1162.2144
1992-12,1209.0238
1993-01,1208.1
1993-02,1203.15
1993-03,1150.4783
1993-04,1110.275
1993-05,1125.421
1993-06,1168.0909
1993-07,1203.1818
1993-08,1172.762
1993-09,1116.9091
1993-10,1089.4286
1993-11,1040.0227
1993-12,1091.35
1994-01,1170
1994-02,1270.525
1994-03,1287.6957
1994-04,1277.2894
1994-05,1321.0476
1994-06,1402.3636
1994-07,1491.9524
1994-08,1457.0682
1994-09,1571.0909
1994-10,1694.262
1994-11,1885.8864
1994-12,1878.375
1995-01,2059.3572
1995-02,1905.45
1995-03,1799.9783
1995-04,1849.4445
1995-05,1765.4762
1995-06,1775.7954
1995-07,1867.275
1995-08,1890.0454
1995-09,1761.725
1995-10,1671.9546
1995-11,1655.9286
1995-12,1657.8158
1996-01,1584.4762
1996-02,1594.5714
1996-03,1614.8572
1996-04,1587.4
1996-05,1593.8572
1996-06,1485.75
1996-07,1460.0217
1996-08,1466.7858
1996-09,1405.762
1996-10,1336.0217
1996-11,1451.0476
1996-12,1500.9762
1997-01,1575.1364
1997-02,1582.053
1997-03,1631.1842
1997-04,1561.1136
1997-05,1625.45
1997-06,1567.1904
1997-07,1591.5869
1997-08,1710.025
1997-09,1611.619
1997-10,1607.326
1997-11,1598.325
1997-12,1530.5238
1998-01,1485.475
1998-02,1465.175
1998-03,1438.3182
1998-04,1417.55
1998-05,1364.3158
1998-06,1305.5238
1998-07,1312.6666
1998-08,1310.55
1998-09,1341.8864
1998-10,1303.7046
1998-11,1295.3
1998-12,1250.3948
1999-01,1219.4
1999-02,1186.475
1999-03,1179.8636
1999-04,1277.85
1999-05,1323.1316
1999-06,1315.5227
1999-07,1403.3636
1999-08,1421.6905
1999-09,1492.0682
1999-10,1473.3333
1999-11,1472.4318
1999-12,1554.7353
2000-01,1679.85
2000-02,1679.425
2000-03,1579.64
2000-04,1458.745
2000-05,1468.0652
2000-06,1509.3727
2000-07,1564.3762
2000-08,1530.3348
2000-09,1602.3095
2000-10,1501.2455
2000-11,1475.5545
2000-12,1569.055
2001-01,1619.8773
2001-02,1607.03
2001-03,1512.1727
2001-04,1499.4833
2001-05,1542.3905
2001-06,1470.8333
2001-07,1418.6227
2001-08,1377.8455
2001-09,1345.995
2001-10,1283.5304
2001-11,1334.4545
2001-12,1348.7235
2002-01,1371.3636
2002-02,1371.08
2002-03,1404.985
2002-04,1370.3857
2002-05,1344.4273
2002-06,1356.9333
2002-07,1337.8652
2002-08,1293.3571
2002-09,1301.7
2002-10,1311.4609
2002-11,1373.2667
2002-12,1375.8619
2003-01,1379.2682
2003-02,1421.535
2003-03,1386.5238
2003-04,1334.29
2003-05,1400.3975
2003-06,1410.5167
2003-07,1440.8804
2003-08,1457.225
2003-09,1416.5773
2003-10,1477.2239
2003-11,1511.585
2003-12,1557.7786
2004-01,1608.8929
2004-02,1685.225
2004-03,1657.3543
2004-04,1731.68
2004-05,1625.25
2004-06,1682.0295
2004-07,1707.8409
2004-08,1692.0714
2004-09,1731
2004-10,1830.3571
2004-11,1817.3409
2004-12,1852.9095
2005-01,1836.175
2005-02,1882.775
2005-03,1987.5
2005-04,1891.9881
2005-05,1741.45
2005-06,1731.9432
2005-07,1783.2619
2005-08,1871.2727
2005-09,1837.6932
2005-10,1934.1429
2005-11,2056.9705
2005-12,2250.9
2006-01,2383.3024
2006-02,2453.375
2006-03,2432.4783
2006-04,2623.8583
2006-05,2852.0714
2006-06,2490.9545
2006-07,2511.8333
2006-08,2461.5523
2006-09,2484.381
2006-10,2657.1477
2006-11,2702.1364
2006-12,2823.6711
2007-01,2799.0591
2007-02,2839.05
2007-03,2757.0795
2007-04,2817.0526
2007-05,2804.6048
2007-06,2681.3095
2007-07,2738.0909
2007-08,2512.6023
2007-09,2394.9625
2007-10,2444.5326
2007-11,2507.1523
2007-12,2382.8333
2008-01,2456.125
2008-02,2784.8929
2008-03,3012.0526
2008-04,2968.0341
2008-05,2908.2775
2008-06,2967.869
2008-07,3067.4565
2008-08,2762.56
2008-09,2524.1477
2008-10,2122.0283
2008-11,1857.13
2008-12,1504.4167
2009-01,1420.3595
2009-02,1338.0625
2009-03,1338.0795
2009-04,1431.8125
2009-05,1466.6711
2009-06,1579.6273
2009-07,1670.5565
2009-08,1927.6375
2009-09,1835.5977
2009-10,1875.6636
2009-11,1956.5476
2009-12,2181.2571
2010-01,2230.1125
2010-02,2053.27
2010-03,2210.5304
2010-04,2314.2775
2010-05,2044.7105
2010-06,1929.4091
2010-07,1989.0455
2010-08,2110.4405
2010-09,2171.2432
2010-10,2342.1786
2010-11,2324.0455
2010-12,2356.669
2011-01,2439.7
2011-02,2515.26
2011-03,2555.5
2011-04,2667.4167
2011-05,2587.2125
2011-06,2557.7614
2011-07,2525.4286
2011-08,2380.975
2011-09,2293.4614
2011-10,2180.6476
2011-11,2079.9818
2011-12,2024.375
2012-01,2151.3333
2012-02,2207.9167
2012-03,2184.1591
2012-04,2048.5053
2012-05,2002.5227
2012-06,1885.5132
2012-07,1876.25
2012-08,1843.3273
2012-09,2064.12
2012-10,1974.3043
2012-11,1948.8295
2012-12,2086.7632
2013-01,2037.6068
2013-02,2053.595
2013-03,1911.2825
2013-04,1861.0238
2013-05,1832.5714
2013-06,1814.5375
2013-07,1769.6087
2013-08,1816.2357
2013-09,1761.3048
2013-10,1814.5826
2013-11,1747.9643
2013-12,1739.81
2014-01,1727.4114
2014-02,1695.165
2014-03,1705.3667
2014-04,1810.675
2014-05,1751.05
2014-06,1838.9524
2014-07,1948.3043
2014-08,2030.4925
2014-09,1990.4318
2014-10,1946.1891
2014-11,2055.555
2014-12,1909.4595
2015-01,1814.719
2015-02,1817.82
2015-03,1773.8636
2015-04,1819.1875
2015-05,1804.0395
2015-06,1687.7273
2015-07,1639.5
2015-08,1548.125
2015-09,1589.6023
2015-10,1516.4886
2015-11,1467.8929
2015-12,1497.2024
2016-01,1481.1
2016-02,1531.2619
2016-03,1531.0119
2016-04,1571.2262
2016-05,1550.625
2016-06,1593.5068
2016-07,1629.0476
2016-08,1639.2841
2016-09,1592.3636
2016-10,1665.9048
2016-11,1737.1136
2016-12,1727.7375
2017-01,1791.2381
2017-02,1860.75
2017-03,1901.4674
2017-04,1921.2222
2017-05,1913.0238
2017-06,1885.2864
2017-07,1902.9643
2017-08,2030.0114
2017-09,2096.4881
2017-10,2131.4886
2017-11,2097.4409
2017-12,2080.4737
2018-01,2209.7273
2018-02,2181.7875
2018-03,2069.2381
2018-04,2254.6875
2018-05,2299.6667
2018-06,2237.619
2018-07,2082.2386
2018-08,2051.5114
2018-09,2026.4625
2018-10,2029.8587
2018-11,1938.5114
2018-12,1920.3816
2019-01,1853.7159
2019-02,1862.9875
2019-03,1871.2143
2019-04,1845.425
2019-05,1781.2619
2019-06,1755.95
2019-07,1796.9891
2019-08,1740.6786
2019-09,1753.5119
2019-10,1725.9565
2019-11,1774.7857
2019-12,1771.38
2020-01,1773.0909
2020-02,1688.095
2020-03,1610.8909
2020-04,1459.9345
2020-05,1466.3716
2020-06,1568.5705
2020-07,1643.8122
2020-08,1738.5552
2020-09,1743.7745
2020-10,1806.1018
2020-11,1935.2833
2020-12,2014.6719
2021-01,2003.9755
2021-02,2078.5935
2021-03,2190.4826
2021-04,2319.3925
2021-05,2434.7765
2021-06,2446.6455
2021-07,2497.6355
2021-08,2602.9919
2021-09,2834.5568
2021-10,2934.3938
2021-11,2636.4523
2021-12,2695.5314
2022-01,3005.9805
2022-02,3245.7855
2022-03,3498.373
2022-04,3246.9905
2022-05,2839.5055
2022-06,2575.6695
2022-07,2408.4233
2022-08,2433.9161
2022-09,2224.7559
2022-10,2255.5352
2022-11,2350.7164
2022-12,2398.2068
2023-01,2494.9009
2023-02,2416.1815
2023-03,2296.417
2023-04,2338.131
2023-05,2274.0126
2023-06,2184.7536
2023-07,2159.7324
2023-08,2135.5817
2023-09,2184.6738
2023-10,2194.3909
2023-11,2202.2555
2023-12,2192.0052
2024-01,2201.5665
2024-02,2179.4571
2024-03,2229.4419
2024-04,2499.2282
2024-05,2566.3187
2024-06,2497.6055
2024-07,2349.1252
2024-08,2352.4673
2024-09,2457.4781
2024-10,2595.583
2024-11,2582.1886
2024-12,2540.8823
2025-01,2571.3704
2025-02,2655.7725
2025-03,2651.5986
2025-04,2367.8005
2025-05,2447.3441
2025-06,2525.959
2025-07,2606.3709
2025-08,2598.7357
2025-09,2654.4791
2025-10,2793.087
2025-11,2819.0615
2025-12,2875.8977
2026-01,3133.9827
2026-02,3065.1885
2026-03,3372.9527
2026-04,3594.3791
2026-05,3658.2214
2026-06,3438.8473
2026-07,3158.265
