# 구리 (LME grade A, 달러/톤, 월평균) · IMF 1차상품 가격 · FRED PCOPPUSDM · scripts/commodities.py · 받은 날 2026-10-08
# IMF 가 매달 초에 앞 달 값을 낸다 — 1~2달 늦다. 원천이 정본이라 덮어쓴다.
date,value
1992-01,2150.5796
1992-02,2208.8923
1992-03,2231.7855
1992-04,2214.1668
1992-05,2219.3151
1992-06,2296.4419
1992-07,2527.285
1992-08,2513.47
1992-09,2419.6142
1992-10,2262.457
1992-11,2161.7891
1992-12,2211.9503
1993-01,2264.214
1993-02,2212.1814
1993-03,2152.3802
1993-04,1953.6206
1993-05,1799.3517
1993-06,1857.8707
1993-07,1927.3398
1993-08,1951.0714
1993-09,1858.25
1993-10,1646.9999
1993-11,1632.5681
1993-12,1723.6251
1994-01,1807.0714
1994-02,1865.075
1994-03,1913.1739
1994-04,1881.3685
1994-05,2144.5001
1994-06,2363.091
1994-07,2447.238
1994-08,2409.75
1994-09,2504.841
1994-10,2546.0238
1994-11,2803.5454
1994-12,2980.7
1995-01,3003.2619
1995-02,2870.4502
1995-03,2919.674
1995-04,2894.8888
1995-05,2771.5713
1995-06,2987.6819
1995-07,3076.4501
1995-08,3040.1362
1995-09,2910.425
1995-10,2810.0682
1995-11,2981.619
1995-12,2918.2106
1996-01,2604.9999
1996-02,2544.6667
1996-03,2563.3499
1996-04,2594.175
1996-05,2658.7619
1996-06,2177.6
1996-07,1983.9348
1996-08,2017.8572
1996-09,1935.0714
1996-10,1960.1957
1996-11,2215.4286
1996-12,2264.5953
1997-01,2427.2728
1997-02,2406.6316
1997-03,2420.1842
1997-04,2389.3181
1997-05,2513.2999
1997-06,2611.2857
1997-07,2449.1957
1997-08,2250.1
1997-09,2104.3096
1997-10,2050.6956
1997-11,1918.4999
1997-12,1761.4524
1998-01,1687.6
1998-02,1664
1998-03,1747.1592
1998-04,1800.1251
1998-05,1731.6579
1998-06,1656.5952
1998-07,1655.6667
1998-08,1619.9251
1998-09,1646.7727
1998-10,1585.4999
1998-11,1573.725
1998-12,1475.7631
1999-01,1432
1999-02,1412.95
1999-03,1378.4773
1999-04,1463.725
1999-05,1510.4474
1999-06,1422.1591
1999-07,1639.1818
1999-08,1646.7381
1999-09,1749.6818
1999-10,1723.2857
1999-11,1726.7727
1999-12,1764.8824
2000-01,1843.85
2000-02,1807.025
2000-03,1739.8
2000-04,1681.9075
2000-05,1785.0978
2000-06,1752.0727
2000-07,1803.1429
2000-08,1857.1239
2000-09,1961.8929
2000-10,1894.3727
2000-11,1795.6023
2000-12,1852.4
2001-01,1787.0568
2001-02,1766.125
2001-03,1742.1591
2001-04,1665.9722
2001-05,1684.85
2001-06,1610.469
2001-07,1526.7705
2001-08,1466.4114
2001-09,1427.6974
2001-10,1377.3761
2001-11,1434.2932
2001-12,1472.8471
2002-01,1508.2273
2002-02,1561.3675
2002-03,1607.3925
2002-04,1588.5714
2002-05,1597.0227
2002-06,1650.5944
2002-07,1588.2848
2002-08,1482.9167
2002-09,1478.9333
2002-10,1486.1717
2002-11,1581.0357
2002-12,1592.9643
2003-01,1650.3114
2003-02,1682.145
2003-03,1655.6929
2003-04,1587.8675
2003-05,1651.1
2003-06,1685.1071
2003-07,1712.8261
2003-08,1756.725
2003-09,1789.6705
2003-10,1925.5826
2003-11,2053.275
2003-12,2202.0357
2004-01,2421.4762
2004-02,2751.7175
2004-03,3000.2826
2004-04,2926.975
2004-05,2728.4605
2004-06,2689.0455
2004-07,2816.7955
2004-08,2844.2024
2004-09,2903.1705
2004-10,3009.4048
2004-11,3130.3091
2004-12,3139.7857
2005-01,3168.1
2005-02,3247.1
2005-03,3378.9048
2005-04,3389.8095
2005-05,3241.9
2005-06,3529.7273
2005-07,3608.4762
2005-08,3791.9091
2005-09,3850.6591
2005-10,4056.1667
2005-11,4278.1591
2005-12,4577.025
2006-01,4743.8571
2006-02,4974.975
2006-03,5123.6739
2006-04,6404.4444
2006-05,8059.1905
2006-06,7222.7727
2006-07,7726.7381
2006-08,7690.25
2006-09,7622.6429
2006-10,7497.4091
2006-11,7029.2955
2006-12,6680.9737
2007-01,5689.3409
2007-02,5718.15
2007-03,6465.2955
2007-04,7753.3421
2007-05,7677.9524
2007-06,7514.2381
2007-07,7980.9318
2007-08,7500.2045
2007-09,7671.35
2007-10,8020.587
2007-11,6957.4318
2007-12,6630.7361
2008-01,7078.9091
2008-02,7941.1429
2008-03,8434.3158
2008-04,8714.1818
2008-05,8356.125
2008-06,8292
2008-07,8407.0217
2008-08,7633.8
2008-09,6975.1136
2008-10,4894.8913
2008-11,3729.1875
2008-12,3105.0952
2009-01,3260.3571
2009-02,3328.4125
2009-03,3770.875
2009-04,4436.925
2009-05,4591.4605
2009-06,5015.4318
2009-07,5228.413
2009-08,6176.875
2009-09,6195.75
2009-10,6305.9886
2009-11,6682.4405
2009-12,6976.9762
2010-01,7367.375
2010-02,6867.675
2010-03,7466.9348
2010-04,7729.8375
2010-05,6843.1579
2010-06,6501.5
2010-07,6750.5682
2010-08,7302.6667
2010-09,7729.5909
2010-10,8289.7619
2010-11,8458.4205
2010-12,9152.8571
2011-01,9533.2
2011-02,9880.9375
2011-03,9503.3587
2011-04,9482.75
2011-05,8931.675
2011-06,9066.8523
2011-07,9650.4643
2011-08,8997.9886
2011-09,8300.1364
2011-10,7394.1905
2011-11,7581.0227
2011-12,7558.875
2012-01,8061.9167
2012-02,8441.4881
2012-03,8470.7841
2012-04,8285.5263
2012-05,7896.9091
2012-06,7428.2895
2012-07,7584.2614
2012-08,7510.4318
2012-09,8087.7425
2012-10,8062.0326
2012-11,7711.2273
2012-12,7966.4868
2013-01,8053.7386
2013-02,8060.925
2013-03,7652.375
2013-04,7221.1619
2013-05,7248.7143
2013-06,7000.2375
2013-07,6906.6413
2013-08,7186.25
2013-09,7159.269
2013-10,7203.0217
2013-11,7070.6548
2013-12,7214.9
2014-01,7291.4659
2014-02,7149.2125
2014-03,6650.0357
2014-04,6673.5625
2014-05,6891.125
2014-06,6821.1429
2014-07,7113.3804
2014-08,7001.8375
2014-09,6872.2159
2014-10,6737.4783
2014-11,6712.85
2014-12,6446.4524
2015-01,5830.5357
2015-02,5729.275
2015-03,5939.6705
2015-04,6042.0875
2015-05,6294.7763
2015-06,5833.0114
2015-07,5456.75
2015-08,5127.3
2015-09,5217.25
2015-10,5216.0909
2015-11,4799.9048
2015-12,4638.8333
2016-01,4471.7875
2016-02,4598.619
2016-03,4953.7976
2016-04,4872.7381
2016-05,4694.5375
2016-06,4641.9659
2016-07,4864.9048
2016-08,4751.6705
2016-09,4722.2045
2016-10,4731.2619
2016-11,5450.9318
2016-12,5660.35
2017-01,5754.5595
2017-02,5940.9125
2017-03,5824.6304
2017-04,5683.9028
2017-05,5599.5595
2017-06,5719.7614
2017-07,5985.119
2017-08,6485.625
2017-09,6577.1667
2017-10,6807.6023
2017-11,6826.5455
2017-12,6833.8947
2018-01,7065.8523
2018-02,7006.525
2018-03,6799.1786
2018-04,6851.5125
2018-05,6825.2738
2018-06,6965.8571
2018-07,6250.75
2018-08,6051.0455
2018-09,6050.7625
2018-10,6219.587
2018-11,6195.9205
2018-12,6075.3158
2019-01,5939.1023
2019-02,6300.4875
2019-03,6439.4643
2019-04,6438.3625
2019-05,6017.9048
2019-06,5882.225
2019-07,5941.1957
2019-08,5709.4405
2019-09,5759.25
2019-10,5757.2978
2019-11,5859.9524
2019-12,6077.0625
2020-01,6031.2091
2020-02,5687.75
2020-03,5182.6318
2020-04,5057.972
2020-05,5239.8263
2020-06,5754.5955
2020-07,6372.4609
2020-08,6508.3929
2020-09,6704.9
2020-10,6713.8114
2020-11,7068.9071
2020-12,7772.2381
2021-01,7972.1475
2021-02,8470.94
2021-03,8988.2478
2021-04,9324.8175
2021-05,10166.285
2021-06,9631.5
2021-07,9450.8205
2021-08,9370.1386
2021-09,9324.7095
2021-10,9829.219
2021-11,9728.9045
2021-12,9551.18
2022-01,9782.3375
2022-02,9943.175
2022-03,10230.8939
2022-04,10174.3476
2022-05,9395.0273
2022-06,9067.5518
2022-07,7544.8095
2022-08,7990.8122
2022-09,7746.0114
2022-10,7651.0829
2022-11,8049.8614
2022-12,8371.0914
2023-01,9007.3464
2023-02,8936.587
2023-03,8856.3109
2023-04,8809.1575
2023-05,8243.1561
2023-06,8396.5177
2023-07,8476.679
2023-08,8347.8283
2023-09,8276.7138
2023-10,7941.3559
2023-11,8189.5877
2023-12,8407.9005
2024-01,8351.3396
2024-02,8304.9505
2024-03,8692.819
2024-04,9445.5936
2024-05,10117.1635
2024-06,9648.167
2024-07,9385.313
2024-08,8981.1177
2024-09,9259.1286
2024-10,9533.9913
2024-11,9075.7271
2024-12,8909.9077
2025-01,8976.6804
2025-02,9330.975
2025-03,9735.8233
2025-04,9172.6959
2025-05,9531.2009
2025-06,9835.0681
2025-07,9770.5804
2025-08,9671.8757
2025-09,9994.7732
2025-10,10739.9183
2025-11,10812.028
2025-12,11790.9641
2026-01,12986.6068
2026-02,12951.345
2026-03,12528.7095
2026-04,12890.6877
2026-05,13512.1562
2026-06,13552.0409
2026-07,13542.8209
