# 비농업 노동생산성 (2017=100, 분기) · FRED OPHNFB · 2026-08-22
date,value
1947-01,22.256
1947-04,22.762
1947-07,22.065
1947-10,22.993
1948-01,23.097
1948-04,23.036
1948-07,23.061
1948-10,23.162
1949-01,23.398
1949-04,23.639
1949-07,24.204
1949-10,24.073
1950-01,24.899
1950-04,25.205
1950-07,25.752
1950-10,25.799
1951-01,25.827
1951-04,25.747
1951-07,26.319
1951-10,26.398
1952-01,26.533
1952-04,26.480
1952-07,26.350
1952-10,26.908
1953-01,27.143
1953-04,27.207
1953-07,27.322
1953-10,27.226
1954-01,27.283
1954-04,27.473
1954-07,27.968
1954-10,28.283
1955-01,28.841
1955-04,28.940
1955-07,29.045
1955-10,28.941
1956-01,28.592
1956-04,28.733
1956-07,28.729
1956-10,29.037
1957-01,29.369
1957-04,29.253
1957-07,29.664
1957-10,29.762
1958-01,29.353
1958-04,29.914
1958-07,30.476
1958-10,30.996
1959-01,31.034
1959-04,31.336
1959-07,31.379
1959-10,31.277
1960-01,32.007
1960-04,31.508
1960-07,31.696
1960-10,31.277
1961-01,31.681
1961-04,32.514
1961-07,33.067
1961-10,33.351
1962-01,33.896
1962-04,33.761
1962-07,34.323
1962-10,34.575
1963-01,34.679
1963-04,34.942
1963-07,35.799
1963-10,35.775
1964-01,35.999
1964-04,36.196
1964-07,36.569
1964-10,36.216
1965-01,36.735
1965-04,36.905
1965-07,37.655
1965-10,38.308
1966-01,38.830
1966-04,38.561
1966-07,38.688
1966-10,38.928
1967-01,39.236
1967-04,39.380
1967-07,39.581
1967-10,39.695
1968-01,40.581
1968-04,40.961
1968-07,40.977
1968-10,40.879
1969-01,41.204
1969-04,40.867
1969-07,40.909
1969-10,40.703
1970-01,40.829
1970-04,41.426
1970-07,42.076
1970-10,41.690
1971-01,42.925
1971-04,43.047
1971-07,43.454
1971-10,43.077
1972-01,43.751
1972-04,44.613
1972-07,44.869
1972-10,45.248
1973-01,46.272
1973-04,46.289
1973-07,45.855
1973-10,45.570
1974-01,45.460
1974-04,45.324
1974-07,44.859
1974-10,45.259
1975-01,45.595
1975-04,46.319
1975-07,46.885
1975-10,46.936
1976-01,47.631
1976-04,48.069
1976-07,48.182
1976-10,48.320
1977-01,48.632
1977-04,48.831
1977-07,49.343
1977-10,48.715
1978-01,48.743
1978-04,49.712
1978-07,49.743
1978-10,50.070
1979-01,49.615
1979-04,49.523
1979-07,49.463
1979-10,49.405
1980-01,49.639
1980-04,49.122
1980-07,49.316
1980-10,49.817
1981-01,50.584
1981-04,49.930
1981-07,50.397
1981-10,49.862
1982-01,49.612
1982-04,49.626
1982-07,49.724
1982-10,50.161
1983-01,50.843
1983-04,51.956
1983-07,52.080
1983-10,52.380
1984-01,52.633
1984-04,52.926
1984-07,53.149
1984-10,53.208
1985-01,53.378
1985-04,53.546
1985-07,54.228
1985-10,54.445
1986-01,55.090
1986-04,55.522
1986-07,55.759
1986-10,55.639
1987-01,55.376
1987-04,55.749
1987-07,55.761
1987-10,56.319
1988-01,56.533
1988-04,56.686
1988-07,56.806
1988-10,56.869
1989-01,56.967
1989-04,57.132
1989-07,57.398
1989-10,57.404
1990-01,57.936
1990-04,58.338
1990-07,58.531
1990-10,57.922
1991-01,58.101
1991-04,59.047
1991-07,59.553
1991-10,59.836
1992-01,61.018
1992-04,61.527
1992-07,62.088
1992-10,62.447
1993-01,61.916
1993-04,61.551
1993-07,61.831
1993-10,62.068
1994-01,62.240
1994-04,62.299
1994-07,61.947
1994-10,62.601
1995-01,62.642
1995-04,62.935
1995-07,62.930
1995-10,63.274
1996-01,63.666
1996-04,64.284
1996-07,64.522
1996-10,64.587
1997-01,64.447
1997-04,65.399
1997-07,65.925
1997-10,66.246
1998-01,66.859
1998-04,67.196
1998-07,68.104
1998-10,68.628
1999-01,69.579
1999-04,69.834
1999-07,70.469
1999-10,71.516
2000-01,71.222
2000-04,72.657
2000-07,72.587
2000-10,73.353
2001-01,72.940
2001-04,74.193
2001-07,74.611
2001-10,75.555
2002-01,77.138
2002-04,77.259
2002-07,77.852
2002-10,77.749
2003-01,78.511
2003-04,79.545
2003-07,81.295
2003-10,82.068
2004-01,81.825
2004-04,82.678
2004-07,83.061
2004-10,83.433
2005-01,84.324
2005-04,84.249
2005-07,84.825
2005-10,84.834
2006-01,85.416
2006-04,85.322
2006-07,85.157
2006-10,85.708
2007-01,86.014
2007-04,86.272
2007-07,87.030
2007-10,87.716
2008-01,87.136
2008-04,88.158
2008-07,88.374
2008-10,87.901
2009-01,88.901
2009-04,90.943
2009-07,92.392
2009-10,93.644
2010-01,93.743
2010-04,94.055
2010-07,94.663
2010-10,94.963
2011-01,94.262
2011-04,94.321
2011-07,94.147
2011-10,94.600
2012-01,95.077
2012-04,95.572
2012-07,95.291
2012-10,94.932
2013-01,95.397
2013-04,95.160
2013-07,95.837
2013-10,96.761
2014-01,95.957
2014-04,96.579
2014-07,97.406
2014-10,97.075
2015-01,97.637
2015-04,98.117
2015-07,98.392
2015-10,97.787
2016-01,98.205
2016-04,98.267
2016-07,98.603
2016-10,99.271
2017-01,99.432
2017-04,99.485
2017-07,100.294
2017-10,101.031
2018-01,101.359
2018-04,101.371
2018-07,101.668
2018-10,101.486
2019-01,102.340
2019-04,102.971
2019-07,104.129
2019-10,105.103
2020-01,104.679
2020-04,109.772
2020-07,111.491
2020-10,110.599
2021-01,111.394
2021-04,111.626
2021-07,110.948
2021-10,111.578
2022-01,110.176
2022-04,109.360
2022-07,109.423
2022-10,110.047
2023-01,110.298
2023-04,111.404
2023-07,112.786
2023-10,113.881
2024-01,113.947
2024-04,114.990
2024-07,116.035
2024-10,116.445
2025-01,116.187
2025-04,117.385
2025-07,118.884
2025-10,119.350
2026-01,119.594
2026-04,120.017
