# 애틀랜타 연은 Sticky Price CPI less Food, Energy, and Shelter (전년동월비 %) · FRED CRESTKCPIXSLTRM159SFRBATL · 단위 % · 받은 날 2026-10-03 · scripts/precursor_sources.py
date,value
1968-01,3.970
1968-02,4.014
1968-03,4.319
1968-04,4.350
1968-05,4.477
1968-06,4.557
1968-07,4.455
1968-08,4.560
1968-09,4.564
1968-10,4.738
1968-11,4.885
1968-12,5.183
1969-01,5.041
1969-02,5.062
1969-03,5.032
1969-04,5.235
1969-05,5.254
1969-06,5.304
1969-07,5.368
1969-08,5.442
1969-09,5.491
1969-10,5.070
1969-11,4.901
1969-12,4.878
1970-01,5.229
1970-02,5.381
1970-03,5.352
1970-04,5.322
1970-05,5.366
1970-06,5.520
1970-07,5.744
1970-08,5.752
1970-09,5.747
1970-10,5.945
1970-11,6.434
1970-12,6.292
1971-01,6.180
1971-02,6.286
1971-03,6.130
1971-04,6.215
1971-05,6.220
1971-06,6.144
1971-07,6.024
1971-08,5.818
1971-09,5.626
1971-10,5.129
1971-11,4.419
1971-12,4.352
1972-01,4.054
1972-02,3.663
1972-03,3.450
1972-04,3.121
1972-05,2.951
1972-06,2.723
1972-07,2.511
1972-08,2.355
1972-09,2.331
1972-10,2.684
1972-11,2.775
1972-12,2.578
1973-01,2.258
1973-02,2.329
1973-03,2.417
1973-04,2.597
1973-05,2.666
1973-06,2.730
1973-07,2.777
1973-08,2.954
1973-09,3.111
1973-10,3.618
1973-11,3.727
1973-12,4.027
1974-01,4.597
1974-02,5.013
1974-03,5.566
1974-04,5.897
1974-05,6.812
1974-06,7.814
1974-07,8.680
1974-08,9.560
1974-09,10.317
1974-10,10.550
1974-11,11.144
1974-12,11.564
1975-01,11.673
1975-02,11.837
1975-03,11.702
1975-04,11.787
1975-05,10.848
1975-06,10.073
1975-07,9.502
1975-08,8.768
1975-09,8.641
1975-10,8.313
1975-11,8.165
1975-12,7.999
1976-01,8.357
1976-02,8.304
1976-03,8.402
1976-04,8.034
1976-05,8.095
1976-06,8.116
1976-07,8.210
1976-08,8.376
1976-09,7.952
1976-10,7.898
1976-11,7.900
1976-12,7.632
1977-01,6.963
1977-02,6.692
1977-03,6.507
1977-04,6.629
1977-05,6.782
1977-06,6.978
1977-07,6.813
1977-08,6.759
1977-09,6.722
1977-10,6.596
1977-11,6.297
1977-12,6.390
1978-01,6.388
1978-02,6.362
1978-03,6.230
1978-04,6.200
1978-05,6.161
1978-06,5.940
1978-07,6.041
1978-08,6.079
1978-09,6.197
1978-10,6.451
1978-11,6.654
1978-12,6.738
1979-01,6.851
1979-02,6.874
1979-03,7.004
1979-04,7.077
1979-05,7.182
1979-06,7.168
1979-07,7.276
1979-08,7.437
1979-09,7.368
1979-10,7.254
1979-11,7.590
1979-12,7.832
1980-01,8.164
1980-02,8.652
1980-03,9.190
1980-04,9.638
1980-05,9.965
1980-06,10.153
1980-07,10.151
1980-08,10.167
1980-09,10.629
1980-10,10.570
1980-11,10.229
1980-12,10.071
1981-01,10.111
1981-02,9.936
1981-03,9.531
1981-04,9.279
1981-05,9.075
1981-06,9.189
1981-07,9.732
1981-08,9.736
1981-09,9.617
1981-10,9.872
1981-11,9.991
1981-12,9.795
1982-01,9.567
1982-02,9.313
1982-03,9.167
1982-04,8.984
1982-05,8.816
1982-06,8.722
1982-07,8.172
1982-08,7.816
1982-09,7.402
1982-10,7.255
1982-11,6.669
1982-12,6.505
1983-01,6.312
1983-02,6.110
1983-03,5.781
1983-04,5.518
1983-05,5.143
1983-06,4.720
1983-07,4.417
1983-08,4.385
1983-09,4.174
1983-10,4.078
1983-11,4.392
1983-12,4.301
1984-01,4.516
1984-02,4.563
1984-03,4.517
1984-04,4.546
1984-05,4.679
1984-06,4.775
1984-07,4.784
1984-08,4.929
1984-09,5.094
1984-10,4.999
1984-11,4.836
1984-12,4.885
1985-01,4.374
1985-02,4.408
1985-03,4.661
1985-04,4.616
1985-05,4.510
1985-06,4.510
1985-07,4.492
1985-08,4.318
1985-09,4.187
1985-10,4.266
1985-11,4.394
1985-12,4.312
1986-01,4.679
1986-02,4.676
1986-03,4.579
1986-04,4.564
1986-05,4.608
1986-06,4.672
1986-07,4.677
1986-08,4.643
1986-09,4.655
1986-10,4.551
1986-11,4.338
1986-12,4.573
1987-01,4.380
1987-02,4.184
1987-03,4.197
1987-04,4.317
1987-05,4.255
1987-06,3.968
1987-07,4.038
1987-08,4.034
1987-09,4.112
1987-10,4.042
1987-11,4.071
1987-12,3.745
1988-01,3.759
1988-02,3.848
1988-03,3.896
1988-04,4.067
1988-05,4.260
1988-06,4.482
1988-07,4.441
1988-08,4.493
1988-09,4.584
1988-10,4.716
1988-11,4.782
1988-12,5.067
1989-01,5.232
1989-02,5.242
1989-03,5.081
1989-04,4.881
1989-05,4.942
1989-06,5.034
1989-07,4.984
1989-08,5.053
1989-09,4.955
1989-10,4.829
1989-11,4.786
1989-12,4.745
1990-01,4.806
1990-02,5.010
1990-03,5.283
1990-04,5.330
1990-05,5.298
1990-06,5.302
1990-07,5.429
1990-08,5.572
1990-09,5.734
1990-10,5.904
1990-11,5.962
1990-12,5.904
1991-01,5.865
1991-02,5.945
1991-03,5.663
1991-04,5.426
1991-05,5.393
1991-06,5.314
1991-07,5.313
1991-08,5.263
1991-09,5.173
1991-10,4.785
1991-11,4.716
1991-12,4.686
1992-01,4.418
1992-02,4.137
1992-03,4.308
1992-04,4.586
1992-05,4.324
1992-06,4.093
1992-07,4.049
1992-08,3.758
1992-09,3.489
1992-10,3.914
1992-11,3.987
1992-12,3.945
1993-01,3.969
1993-02,3.998
1993-03,3.739
1993-04,3.590
1993-05,3.845
1993-06,3.957
1993-07,3.765
1993-08,3.956
1993-09,4.082
1993-10,3.878
1993-11,3.896
1993-12,3.953
1994-01,3.818
1994-02,3.659
1994-03,3.783
1994-04,3.685
1994-05,3.416
1994-06,3.481
1994-07,3.509
1994-08,3.350
1994-09,3.245
1994-10,3.032
1994-11,2.916
1994-12,2.831
1995-01,3.189
1995-02,3.302
1995-03,3.350
1995-04,3.430
1995-05,3.432
1995-06,3.308
1995-07,3.302
1995-08,3.312
1995-09,3.432
1995-10,3.591
1995-11,3.482
1995-12,3.282
1996-01,3.083
1996-02,3.117
1996-03,2.944
1996-04,2.796
1996-05,2.945
1996-06,3.008
1996-07,2.915
1996-08,2.934
1996-09,2.980
1996-10,2.851
1996-11,2.925
1996-12,3.181
1997-01,2.877
1997-02,2.574
1997-03,2.747
1997-04,2.788
1997-05,2.717
1997-06,2.603
1997-07,2.621
1997-08,2.346
1997-09,2.137
1997-10,2.237
1997-11,2.087
1997-12,2.014
1998-01,2.199
1998-02,2.301
1998-03,2.162
1998-04,2.108
1998-05,2.055
1998-06,1.975
1998-07,1.972
1998-08,2.032
1998-09,1.948
1998-10,1.803
1998-11,1.832
1998-12,1.760
1999-01,1.706
1999-02,1.628
1999-03,1.569
1999-04,1.589
1999-05,1.494
1999-06,1.433
1999-07,1.562
1999-08,1.592
1999-09,1.585
1999-10,1.681
1999-11,1.789
1999-12,1.862
2000-01,1.927
2000-02,1.939
2000-03,2.110
2000-04,1.987
2000-05,2.217
2000-06,2.382
2000-07,2.369
2000-08,2.608
2000-09,2.578
2000-10,2.479
2000-11,2.427
2000-12,2.488
2001-01,2.479
2001-02,2.604
2001-03,2.426
2001-04,2.545
2001-05,2.373
2001-06,2.541
2001-07,2.507
2001-08,2.471
2001-09,2.680
2001-10,2.771
2001-11,2.866
2001-12,2.743
2002-01,2.710
2002-02,2.663
2002-03,2.622
2002-04,2.656
2002-05,2.804
2002-06,2.497
2002-07,2.557
2002-08,2.541
2002-09,2.355
2002-10,2.347
2002-11,2.268
2002-12,2.328
2003-01,2.308
2003-02,2.298
2003-03,2.301
2003-04,2.174
2003-05,2.025
2003-06,2.099
2003-07,2.078
2003-08,1.942
2003-09,2.050
2003-10,2.007
2003-11,1.817
2003-12,1.835
2004-01,1.922
2004-02,2.042
2004-03,2.150
2004-04,2.176
2004-05,2.097
2004-06,2.192
2004-07,2.013
2004-08,1.954
2004-09,1.988
2004-10,2.079
2004-11,2.257
2004-12,2.178
2005-01,2.114
2005-02,1.986
2005-03,1.944
2005-04,2.083
2005-05,2.300
2005-06,2.072
2005-07,2.220
2005-08,2.212
2005-09,2.292
2005-10,2.224
2005-11,2.323
2005-12,2.396
2006-01,2.343
2006-02,2.401
2006-03,2.422
2006-04,2.410
2006-05,2.394
2006-06,2.592
2006-07,2.580
2006-08,2.667
2006-09,2.547
2006-10,2.524
2006-11,2.185
2006-12,2.043
2007-01,2.085
2007-02,2.114
2007-03,2.084
2007-04,1.987
2007-05,1.937
2007-06,1.874
2007-07,1.848
2007-08,1.795
2007-09,1.862
2007-10,1.995
2007-11,2.285
2007-12,2.434
2008-01,2.570
2008-02,2.441
2008-03,2.635
2008-04,2.660
2008-05,2.793
2008-06,3.020
2008-07,3.190
2008-08,3.410
2008-09,3.416
2008-10,3.214
2008-11,2.999
2008-12,2.866
2009-01,2.699
2009-02,2.749
2009-03,2.535
2009-04,2.460
2009-05,2.254
2009-06,2.092
2009-07,1.952
2009-08,1.759
2009-09,1.793
2009-10,1.811
2009-11,1.880
2009-12,1.880
2010-01,1.848
2010-02,1.757
2010-03,1.764
2010-04,1.796
2010-05,1.748
2010-06,1.681
2010-07,1.557
2010-08,1.515
2010-09,1.311
2010-10,1.245
2010-11,1.313
2010-12,1.238
2011-01,1.314
2011-02,1.480
2011-03,1.466
2011-04,1.432
2011-05,1.459
2011-06,1.448
2011-07,1.532
2011-08,1.776
2011-09,1.833
2011-10,1.903
2011-11,1.872
2011-12,2.177
2012-01,2.249
2012-02,2.060
2012-03,2.150
2012-04,2.157
2012-05,2.132
2012-06,2.268
2012-07,2.347
2012-08,2.192
2012-09,2.211
2012-10,2.177
2012-11,2.147
2012-12,2.000
2013-01,1.929
2013-02,2.007
2013-03,1.949
2013-04,1.675
2013-05,1.556
2013-06,1.410
2013-07,1.414
2013-08,1.449
2013-09,1.435
2013-10,1.400
2013-11,1.375
2013-12,1.236
2014-01,1.095
2014-02,1.038
2014-03,1.017
2014-04,1.364
2014-05,1.536
2014-06,1.562
2014-07,1.382
2014-08,1.160
2014-09,1.102
2014-10,1.191
2014-11,1.175
2014-12,1.185
2015-01,1.172
2015-02,1.102
2015-03,1.135
2015-04,1.220
2015-05,1.223
2015-06,1.204
2015-07,1.219
2015-08,1.265
2015-09,1.397
2015-10,1.509
2015-11,1.653
2015-12,1.679
2016-01,1.703
2016-02,1.861
2016-03,1.858
2016-04,1.851
2016-05,1.821
2016-06,1.837
2016-07,1.853
2016-08,2.105
2016-09,1.875
2016-10,1.568
2016-11,1.505
2016-12,1.601
2017-01,1.771
2017-02,1.804
2017-03,1.388
2017-04,1.071
2017-05,0.974
2017-06,0.964
2017-07,1.008
2017-08,0.839
2017-09,0.951
2017-10,1.126
2017-11,1.030
2017-12,1.012
2018-01,1.056
2018-02,1.061
2018-03,1.463
2018-04,1.616
2018-05,1.701
2018-06,1.763
2018-07,1.660
2018-08,1.533
2018-09,1.640
2018-10,1.575
2018-11,1.640
2018-12,1.705
2019-01,1.575
2019-02,1.472
2019-03,1.406
2019-04,1.444
2019-05,1.389
2019-06,1.364
2019-07,1.563
2019-08,1.908
2019-09,1.817
2019-10,2.141
2019-11,2.248
2019-12,2.195
2020-01,2.221
2020-02,2.270
2020-03,1.956
2020-04,1.260
2020-05,0.981
2020-06,1.182
2020-07,1.777
2020-08,1.747
2020-09,1.508
2020-10,1.032
2020-11,1.151
2020-12,1.063
2021-01,0.819
2021-02,0.897
2021-03,1.296
2021-04,2.470
2021-05,3.091
2021-06,2.888
2021-07,2.360
2021-08,2.236
2021-09,2.458
2021-10,3.031
2021-11,3.019
2021-12,3.279
2022-01,3.989
2022-02,4.354
2022-03,4.625
2022-04,4.682
2022-05,4.870
2022-06,5.304
2022-07,5.297
2022-08,5.563
2022-09,5.963
2022-10,5.694
2022-11,5.654
2022-12,5.495
2023-01,5.163
2023-02,5.005
2023-03,4.706
2023-04,4.391
2023-05,3.898
2023-06,3.351
2023-07,3.156
2023-08,3.000
2023-09,2.825
2023-10,2.896
2023-11,2.695
2023-12,2.766
2024-01,3.017
2024-02,2.883
2024-03,3.160
2024-04,3.143
2024-05,3.028
2024-06,3.101
2024-07,3.090
2024-08,2.913
2024-09,2.909
2024-10,2.872
2024-11,2.967
2024-12,2.805
2025-01,2.709
2025-02,2.656
2025-03,2.211
2025-04,2.096
2025-05,2.232
2025-06,2.488
2025-07,2.850
2025-08,2.952
2025-09,2.899
2025-10,2.697
2025-11,2.565
2025-12,2.670
2026-01,2.722
2026-02,2.675
2026-03,2.812
2026-04,2.823
2026-05,2.889
2026-06,2.397
2026-07,2.234
2026-08,2.358
