# S&P 케이스실러 미국 주택가격지수 (2000-01=100, NSA) · FRED CSUSHPINSA · 단위 2000-01=100 · 받은 날 2026-10-07 · scripts/precursor_sources.py
date,value
1987-01,63.732
1987-02,64.131
1987-03,64.467
1987-04,64.972
1987-05,65.546
1987-06,66.217
1987-07,66.785
1987-08,67.268
1987-09,67.623
1987-10,67.902
1987-11,68.092
1987-12,68.343
1988-01,68.583
1988-02,68.916
1988-03,69.325
1988-04,69.789
1988-05,70.408
1988-06,71.066
1988-07,71.684
1988-08,72.183
1988-09,72.572
1988-10,72.821
1988-11,73.063
1988-12,73.276
1989-01,73.616
1989-02,73.967
1989-03,74.409
1989-04,74.867
1989-05,75.295
1989-06,75.694
1989-07,76.039
1989-08,76.269
1989-09,76.418
1989-10,76.485
1989-11,76.518
1989-12,76.496
1990-01,76.527
1990-02,76.587
1990-03,76.790
1990-04,77.039
1990-05,77.297
1990-06,77.505
1990-07,77.560
1990-08,77.478
1990-09,77.228
1990-10,76.911
1990-11,76.380
1990-12,75.971
1991-01,75.532
1991-02,75.248
1991-03,75.132
1991-04,75.315
1991-05,75.765
1991-06,76.253
1991-07,76.512
1991-08,76.589
1991-09,76.574
1991-10,76.286
1991-11,76.028
1991-12,75.838
1992-01,75.702
1992-02,75.657
1992-03,75.815
1992-04,76.081
1992-05,76.398
1992-06,76.601
1992-07,76.711
1992-08,76.731
1992-09,76.628
1992-10,76.598
1992-11,76.580
1992-12,76.465
1993-01,76.396
1993-02,76.328
1993-03,76.383
1993-04,76.660
1993-05,77.030
1993-06,77.516
1993-07,77.886
1993-08,78.132
1993-09,78.199
1993-10,78.174
1993-11,78.172
1993-12,78.115
1994-01,78.199
1994-02,78.205
1994-03,78.349
1994-04,78.701
1994-05,79.208
1994-06,79.701
1994-07,80.062
1994-08,80.316
1994-09,80.340
1994-10,80.304
1994-11,80.170
1994-12,80.078
1995-01,80.026
1995-02,79.992
1995-03,80.077
1995-04,80.369
1995-05,80.691
1995-06,81.068
1995-07,81.412
1995-08,81.654
1995-09,81.738
1995-10,81.726
1995-11,81.630
1995-12,81.513
1996-01,81.427
1996-02,81.400
1996-03,81.666
1996-04,82.124
1996-05,82.601
1996-06,83.048
1996-07,83.418
1996-08,83.645
1996-09,83.702
1996-10,83.629
1996-11,83.556
1996-12,83.490
1997-01,83.530
1997-02,83.596
1997-03,83.910
1997-04,84.320
1997-05,84.863
1997-06,85.398
1997-07,85.841
1997-08,86.151
1997-09,86.312
1997-10,86.409
1997-11,86.632
1997-12,86.849
1998-01,87.165
1998-02,87.375
1998-03,87.879
1998-04,88.558
1998-05,89.374
1998-06,90.194
1998-07,90.858
1998-08,91.406
1998-09,91.751
1998-10,91.998
1998-11,92.196
1998-12,92.443
1999-01,92.714
1999-02,92.981
1999-03,93.611
1999-04,94.436
1999-05,95.361
1999-06,96.364
1999-07,97.193
1999-08,97.898
1999-09,98.399
1999-10,98.831
1999-11,99.147
1999-12,99.541
2000-01,100.000
2000-02,100.571
2000-03,101.466
2000-04,102.541
2000-05,103.702
2000-06,104.856
2000-07,105.724
2000-08,106.524
2000-09,107.137
2000-10,107.730
2000-11,108.292
2000-12,108.793
2001-01,109.216
2001-02,109.644
2001-03,110.395
2001-04,111.248
2001-05,112.203
2001-06,113.273
2001-07,114.229
2001-08,114.990
2001-09,115.466
2001-10,115.681
2001-11,115.838
2001-12,116.055
2002-01,116.437
2002-02,116.917
2002-03,117.930
2002-04,119.210
2002-05,120.789
2002-06,122.334
2002-07,123.688
2002-08,124.731
2002-09,125.495
2002-10,126.139
2002-11,126.645
2002-12,127.153
2003-01,127.653
2003-02,128.327
2003-03,129.309
2003-04,130.489
2003-05,131.840
2003-06,133.226
2003-07,134.647
2003-08,135.966
2003-09,137.077
2003-10,137.977
2003-11,138.766
2003-12,139.629
2004-01,140.706
2004-02,142.029
2004-03,144.080
2004-04,146.180
2004-05,148.335
2004-06,150.519
2004-07,152.338
2004-08,153.815
2004-09,155.108
2004-10,156.299
2004-11,157.496
2004-12,158.670
2005-01,160.130
2005-02,161.925
2005-03,164.578
2005-04,167.001
2005-05,169.546
2005-06,172.017
2005-07,174.099
2005-08,175.925
2005-09,177.613
2005-10,178.755
2005-11,179.677
2005-12,180.110
2006-01,180.829
2006-02,181.500
2006-03,182.749
2006-04,183.648
2006-05,184.380
2006-06,184.547
2006-07,184.608
2006-08,184.405
2006-09,184.198
2006-10,184.053
2006-11,183.630
2006-12,183.228
2007-01,182.716
2007-02,182.469
2007-03,182.191
2007-04,182.129
2007-05,181.883
2007-06,181.539
2007-07,180.992
2007-08,180.234
2007-09,179.121
2007-10,177.529
2007-11,175.161
2007-12,173.337
2008-01,171.076
2008-02,169.189
2008-03,167.900
2008-04,167.317
2008-05,167.014
2008-06,166.532
2008-07,165.710
2008-08,164.276
2008-09,161.911
2008-10,159.162
2008-11,156.071
2008-12,152.543
2009-01,149.360
2009-02,147.615
2009-03,146.512
2009-04,146.940
2009-05,148.167
2009-06,149.794
2009-07,150.747
2009-08,150.668
2009-09,149.627
2009-10,148.585
2009-11,147.940
2009-12,146.666
2010-01,145.003
2010-02,143.055
2010-03,143.595
2010-04,145.399
2010-05,147.033
2010-06,147.699
2010-07,147.560
2010-08,146.426
2010-09,144.607
2010-10,143.126
2010-11,141.814
2010-12,140.622
2011-01,139.030
2011-02,137.725
2011-03,137.779
2011-04,139.154
2011-05,140.689
2011-06,141.942
2011-07,142.341
2011-08,141.784
2011-09,140.163
2011-10,138.399
2011-11,136.653
2011-12,135.155
2012-01,134.157
2012-02,133.987
2012-03,135.856
2012-04,138.461
2012-05,141.036
2012-06,143.158
2012-07,144.271
2012-08,144.694
2012-09,144.347
2012-10,143.957
2012-11,143.951
2012-12,143.859
2013-01,144.303
2013-02,145.154
2013-03,147.954
2013-04,150.962
2013-05,153.851
2013-06,156.417
2013-07,158.274
2013-08,159.381
2013-09,159.661
2013-10,159.549
2013-11,159.360
2013-12,159.277
2014-01,159.363
2014-02,159.862
2014-03,161.177
2014-04,162.955
2014-05,164.668
2014-06,166.196
2014-07,167.119
2014-08,167.435
2014-09,167.227
2014-10,166.897
2014-11,166.646
2014-12,166.447
2015-01,166.232
2015-02,166.610
2015-03,168.069
2015-04,169.954
2015-05,171.836
2015-06,173.432
2015-07,174.474
2015-08,174.913
2015-09,175.018
2015-10,175.023
2015-11,175.114
2015-12,175.088
2016-01,175.012
2016-02,175.260
2016-03,176.581
2016-04,178.475
2016-05,180.323
2016-06,181.896
2016-07,183.000
2016-08,183.639
2016-09,183.925
2016-10,183.994
2016-11,184.204
2016-12,184.375
2017-01,184.627
2017-02,184.994
2017-03,186.503
2017-04,188.517
2017-05,190.513
2017-06,192.239
2017-07,193.483
2017-08,194.317
2017-09,194.786
2017-10,195.050
2017-11,195.414
2017-12,195.809
2018-01,196.080
2018-02,196.871
2018-03,198.537
2018-04,200.576
2018-05,202.413
2018-06,204.005
2018-07,204.914
2018-08,205.292
2018-09,205.339
2018-10,205.336
2018-11,205.075
2018-12,204.664
2019-01,204.165
2019-02,204.389
2019-03,205.735
2019-04,207.649
2019-05,209.312
2019-06,210.548
2019-07,211.298
2019-08,211.656
2019-09,211.834
2019-10,211.926
2019-11,212.063
2019-12,212.194
2020-01,212.355
2020-02,213.175
2020-03,215.151
2020-04,217.196
2020-05,218.444
2020-06,219.769
2020-07,221.525
2020-08,224.003
2020-09,226.751
2020-10,229.758
2020-11,232.259
2020-12,234.308
2021-01,236.383
2021-02,239.166
2021-03,244.166
2021-04,249.776
2021-05,255.399
2021-06,261.111
2021-07,265.432
2021-08,268.698
2021-09,271.351
2021-10,273.563
2021-11,275.934
2021-12,278.508
2022-01,281.880
2022-02,287.095
2022-03,294.886
2022-04,301.501
2022-05,306.262
2022-06,308.055
2022-07,306.888
2022-08,303.462
2022-09,300.292
2022-10,298.506
2022-11,296.690
2022-12,294.181
2023-01,292.671
2023-02,293.462
2023-03,297.383
2023-04,301.496
2023-05,305.359
2023-06,308.309
2023-07,310.223
2023-08,311.583
2023-09,312.440
2023-10,312.792
2023-11,312.033
2023-12,310.850
2024-01,310.713
2024-02,312.625
2024-03,316.808
2024-04,320.748
2024-05,323.696
2024-06,325.256
2024-07,325.566
2024-08,325.003
2024-09,324.621
2024-10,323.937
2024-11,323.654
2024-12,323.275
2025-01,323.631
2025-02,325.097
2025-03,327.696
2025-04,329.848
2025-05,331.367
2025-06,331.564
2025-07,330.923
2025-08,329.845
2025-09,328.874
2025-10,328.233
2025-11,327.853
2025-12,327.028
2026-01,326.764
2026-02,327.824
2026-03,330.408
2026-04,333.150
2026-05,335.584
2026-06,336.908
2026-07,337.306
