연월,국고3년,회사채AA-,회사채BBB-,AA스프레드,BBB스프레드
2000-10,7.66,8.59,11.76,0.93,4.1
2000-11,7.19,8.37,11.87,1.18,4.68
2000-12,6.7,8.13,11.82,1.43,5.12
2001-01,5.7,7.47,11.54,1.77,5.84
2001-02,5.52,6.82,11.83,1.3,6.31
2001-03,6.31,7.69,12.45,1.38,6.14
2001-04,6.83,8.1,12.79,1.27,5.96
2001-05,6.09,7.31,11.61,1.22,5.52
2001-06,5.93,7.1,11.21,1.17,5.28
2001-07,5.6,6.9,11.03,1.3,5.43
2001-08,5.16,6.56,10.73,1.4,5.57
2001-09,4.45,5.95,10.14,1.5,5.69
2001-10,4.97,6.57,10.69,1.6,5.72
2001-11,5.73,7.06,11.16,1.33,5.43
2001-12,5.91,7.04,11.2,1.13,5.29
2002-01,6.03,6.97,11.12,0.94,5.09
2002-02,5.72,6.69,10.88,0.97,5.16
2002-03,6.39,7.07,11.1,0.68,4.71
2002-04,6.35,7.13,11.1,0.78,4.75
2002-05,6.1,6.86,10.82,0.76,4.72
2002-06,5.66,6.59,10.51,0.93,4.85
2002-07,5.57,6.44,10.3,0.87,4.73
2002-08,5.47,6.31,10.12,0.84,4.65
2002-09,5.27,5.97,9.81,0.7,4.54
2002-10,5.33,5.95,9.54,0.62,4.21
2002-11,5.36,5.97,9.41,0.61,4.05
2002-12,5.11,5.69,9.1,0.58,3.99
2003-01,4.77,5.29,8.65,0.52,3.88
2003-02,4.57,5.1,8.41,0.53,3.84
2003-03,4.65,5.37,8.49,0.72,3.84
2003-04,4.5,5.33,8.43,0.83,3.93
2003-05,4.11,5.21,8.29,1.1,4.18
2003-06,4.14,5.44,8.52,1.3,4.38
2003-07,4.59,5.88,9.0,1.29,4.41
2003-08,4.47,5.6,8.98,1.13,4.51
2003-09,4.13,5.07,8.85,0.94,4.72
2003-10,4.5,5.35,9.3,0.85,4.8
2003-11,4.85,5.57,9.79,0.72,4.94
2003-12,4.81,5.57,9.89,0.76,5.08
2004-01,4.94,5.75,10.1,0.81,5.16
2004-02,4.77,5.54,10.01,0.77,5.24
2004-03,4.53,5.33,9.81,0.8,5.28
2004-04,4.47,5.19,9.66,0.72,5.19
2004-05,4.17,4.83,9.3,0.66,5.13
2004-06,4.25,4.85,9.31,0.6,5.06
2004-07,4.1,4.68,9.12,0.58,5.02
2004-08,3.55,4.1,8.52,0.55,4.97
2004-09,3.55,4.05,8.45,0.5,4.9
2004-10,3.45,3.91,8.3,0.46,4.85
2004-11,3.31,3.76,8.17,0.45,4.86
2004-12,3.27,3.72,8.14,0.45,4.87
2005-01,4.08,4.56,8.98,0.48,4.9
2005-02,4.1,4.54,8.95,0.44,4.85
2005-03,3.92,4.35,8.46,0.43,4.54
2005-04,3.77,4.19,8.23,0.42,4.46
2005-05,3.71,4.12,8.06,0.41,4.35
2005-06,3.94,4.33,8.3,0.39,4.36
2005-07,4.23,4.63,8.61,0.4,4.38
2005-08,4.16,4.58,8.58,0.42,4.42
2005-09,4.61,5.01,8.85,0.4,4.24
2005-10,4.95,5.34,9.13,0.39,4.18
2005-11,5.09,5.5,9.24,0.41,4.15
2005-12,5.08,5.52,9.24,0.44,4.16
2006-01,4.94,5.42,9.04,0.48,4.1
2006-02,4.86,5.3,8.65,0.44,3.79
2006-03,4.93,5.26,8.37,0.33,3.44
2006-04,4.82,5.09,8.14,0.27,3.32
2006-05,4.73,5.01,7.96,0.28,3.23
2006-06,4.95,5.22,8.1,0.27,3.15
2006-07,4.83,5.15,8.02,0.32,3.19
2006-08,4.76,5.09,7.92,0.33,3.16
2006-09,4.57,4.91,7.71,0.34,3.14
2006-10,4.72,5.02,7.82,0.3,3.1
2006-11,4.82,5.17,7.96,0.35,3.14
2006-12,4.93,5.3,8.09,0.37,3.16
2007-01,5.01,5.37,8.16,0.36,3.15
2007-02,4.83,5.21,8.01,0.38,3.18
2007-03,4.77,5.19,7.97,0.42,3.2
2007-04,5.04,5.43,8.2,0.39,3.16
2007-05,5.21,5.59,8.35,0.38,3.14
2007-06,5.25,5.65,8.45,0.4,3.2
2007-07,5.27,5.68,8.41,0.41,3.14
2007-08,5.36,5.78,8.5,0.42,3.14
2007-09,5.45,5.96,8.62,0.51,3.17
2007-10,5.41,6.0,8.59,0.59,3.18
2007-11,5.96,6.64,9.16,0.68,3.2
2007-12,5.74,6.77,9.12,1.03,3.38
2008-01,5.03,6.27,8.52,1.24,3.49
2008-02,4.97,6.15,8.44,1.18,3.47
2008-03,5.14,6.04,8.5,0.9,3.36
2008-04,4.88,5.81,8.44,0.93,3.56
2008-05,5.44,6.39,9.09,0.95,3.65
2008-06,5.82,6.81,9.59,0.99,3.77
2008-07,5.81,6.9,9.78,1.09,3.97
2008-08,5.71,7.27,10.21,1.56,4.5
2008-09,5.93,7.87,10.91,1.94,4.98
2008-10,4.42,8.08,11.28,3.66,6.86
2008-11,4.85,8.88,12.49,4.03,7.64
2008-12,3.41,7.72,12.02,4.31,8.61
2009-01,3.49,7.26,12.09,3.77,8.6
2009-02,3.85,6.66,12.41,2.81,8.56
2009-03,3.89,6.14,12.18,2.25,8.29
2009-04,3.52,5.24,11.48,1.72,7.96
2009-05,3.85,4.99,11.27,1.14,7.42
2009-06,4.1,5.32,11.4,1.22,7.3
2009-07,4.15,5.59,11.66,1.44,7.51
2009-08,4.32,5.55,11.75,1.23,7.43
2009-09,4.42,5.55,11.76,1.13,7.34
2009-10,4.52,5.64,11.84,1.12,7.32
2009-11,4.08,5.19,11.35,1.11,7.27
2009-12,4.41,5.53,11.58,1.12,7.17
2010-01,4.29,5.4,11.47,1.11,7.18
2010-02,4.11,5.25,11.31,1.14,7.2
2010-03,3.86,4.87,10.9,1.01,7.04
2010-04,3.59,4.4,10.49,0.81,6.9
2010-05,3.6,4.47,10.5,0.87,6.9
2010-06,3.87,4.77,10.72,0.9,6.85
2010-07,3.8,4.75,10.7,0.95,6.9
2010-08,3.55,4.52,10.46,0.97,6.91
2010-09,3.33,4.26,10.19,0.93,6.86
2010-10,3.24,4.02,10.12,0.78,6.88
2010-11,3.21,4.04,10.12,0.83,6.91
2010-12,3.38,4.27,10.26,0.89,6.88
2011-01,3.93,4.7,10.7,0.77,6.77
2011-02,3.81,4.6,10.63,0.79,6.82
2011-03,3.7,4.49,10.54,0.79,6.84
2011-04,3.75,4.55,10.59,0.8,6.84
2011-05,3.58,4.31,10.41,0.73,6.83
2011-06,3.79,4.52,10.52,0.73,6.73
2011-07,3.83,4.52,10.52,0.69,6.69
2011-08,3.48,4.22,10.18,0.74,6.7
2011-09,3.55,4.36,10.3,0.81,6.75
2011-10,3.53,4.37,10.28,0.84,6.75
2011-11,3.41,4.25,10.05,0.84,6.64
2011-12,3.34,4.21,10.01,0.87,6.67
2012-01,3.36,4.23,10.01,0.87,6.65
2012-02,3.44,4.25,10.01,0.81,6.57
2012-03,3.56,4.36,10.07,0.8,6.51
2012-04,3.46,4.15,9.81,0.69,6.35
2012-05,3.32,3.92,9.55,0.6,6.23
2012-06,3.28,3.85,9.46,0.57,6.18
2012-07,2.85,3.44,8.99,0.59,6.14
2012-08,2.76,3.27,8.61,0.51,5.85
2012-09,2.8,3.31,8.69,0.51,5.89
2012-10,2.77,3.29,8.68,0.52,5.91
2012-11,2.83,3.36,8.74,0.53,5.91
2012-12,2.82,3.29,8.8,0.47,5.98
2013-01,2.76,3.13,8.71,0.37,5.95
2013-02,2.63,2.98,8.58,0.35,5.95
2013-03,2.49,2.85,8.47,0.36,5.98
2013-04,2.49,2.85,8.47,0.36,5.98
2013-05,2.79,3.14,8.77,0.35,5.98
2013-06,2.88,3.3,8.94,0.42,6.06
2013-07,2.91,3.35,9.02,0.44,6.11
2013-08,2.89,3.27,8.97,0.38,6.08
2013-09,2.81,3.24,8.94,0.43,6.13
2013-10,2.824,3.249,8.95,0.425,6.126
2013-11,3.0,3.417,9.12,0.417,6.12
2013-12,2.858,3.286,8.981,0.428,6.123
2014-01,2.884,3.309,9.013,0.425,6.129
2014-02,2.858,3.285,8.974,0.427,6.116
2014-03,2.87,3.3,8.995,0.43,6.125
2014-04,2.875,3.3,8.992,0.425,6.117
2014-05,2.814,3.239,8.933,0.425,6.119
2014-06,2.69,3.109,8.8,0.419,6.11
2014-07,2.522,2.928,8.634,0.406,6.112
2014-08,2.513,2.886,8.622,0.373,6.109
2014-09,2.315,2.7,8.449,0.385,6.134
2014-10,2.184,2.523,8.286,0.339,6.102
2014-11,2.088,2.4,8.205,0.312,6.117
2014-12,2.098,2.435,8.281,0.337,6.183
2015-01,1.999,2.297,8.16,0.298,6.161
2015-02,2.045,2.308,8.21,0.263,6.165
2015-03,1.727,1.999,7.895,0.272,6.168
2015-04,1.817,2.055,7.965,0.238,6.148
2015-05,1.761,2.023,7.93,0.262,6.169
2015-06,1.79,2.006,7.916,0.216,6.126
2015-07,1.741,1.984,7.907,0.243,6.166
2015-08,1.735,1.992,7.924,0.257,6.189
2015-09,1.593,1.911,7.836,0.318,6.243
2015-10,1.662,2.007,7.948,0.345,6.286
2015-11,1.791,2.173,8.121,0.382,6.33
2015-12,1.662,2.113,8.057,0.451,6.395
2016-01,1.63,2.097,8.044,0.467,6.414
2016-02,1.452,1.938,7.892,0.486,6.44
2016-03,1.457,1.942,7.925,0.485,6.468
2016-04,1.454,1.914,7.928,0.46,6.474
2016-05,1.491,1.941,7.978,0.45,6.487
2016-06,1.246,1.686,7.746,0.44,6.5
2016-07,1.204,1.631,7.71,0.427,6.506
2016-08,1.306,1.689,7.777,0.383,6.471
2016-09,1.262,1.676,7.757,0.414,6.495
2016-10,1.446,1.859,7.958,0.413,6.512
2016-11,1.696,2.14,8.249,0.444,6.553
2016-12,1.638,2.128,8.265,0.49,6.627
2017-01,1.692,2.15,8.349,0.458,6.657
2017-02,1.675,2.14,8.344,0.465,6.669
2017-03,1.656,2.182,8.388,0.526,6.732
2017-04,1.673,2.199,8.419,0.526,6.746
2017-05,1.657,2.187,8.417,0.53,6.76
2017-06,1.691,2.236,8.475,0.545,6.784
2017-07,1.725,2.26,8.5,0.535,6.775
2017-08,1.751,2.306,8.551,0.555,6.8
2017-09,1.887,2.43,8.673,0.543,6.786
2017-10,2.155,2.718,8.966,0.563,6.811
2017-11,2.082,2.639,8.894,0.557,6.812
2017-12,2.135,2.678,8.942,0.543,6.807
2018-01,2.275,2.811,9.05,0.536,6.775
2018-02,2.281,2.828,9.056,0.547,6.775
2018-03,2.224,2.8,9.016,0.576,6.792
2018-04,2.208,2.811,9.031,0.603,6.823
2018-05,2.189,2.814,9.027,0.625,6.838
2018-06,2.113,2.76,8.97,0.647,6.857
2018-07,2.136,2.795,8.996,0.659,6.86
2018-08,1.946,2.466,8.555,0.52,6.609
2018-09,2.028,2.464,8.531,0.436,6.503
2018-10,1.925,2.38,8.431,0.455,6.506
2018-11,1.905,2.372,8.429,0.467,6.524
2018-12,1.817,2.287,8.358,0.47,6.541
2019-01,1.812,2.259,8.342,0.447,6.53
2019-02,1.821,2.266,8.343,0.445,6.522
2019-03,1.691,2.163,8.236,0.472,6.545
2019-04,1.699,2.171,8.245,0.472,6.546
2019-05,1.608,2.094,8.169,0.486,6.561
2019-06,1.467,1.963,8.074,0.496,6.607
2019-07,1.292,1.803,7.903,0.511,6.611
2019-08,1.155,1.681,7.782,0.526,6.627
2019-09,1.293,1.798,7.902,0.505,6.609
2019-10,1.46,1.967,8.078,0.507,6.618
2019-11,1.402,1.935,8.044,0.533,6.642
2019-12,1.36,1.937,8.049,0.577,6.689
2020-01,1.306,1.901,8.014,0.595,6.708
2020-02,1.154,1.753,7.889,0.599,6.735
2020-03,1.122,2.097,8.305,0.975,7.183
2020-04,1.018,2.218,8.456,1.2,7.438
2020-05,0.79,2.136,8.426,1.346,7.636
2020-06,0.843,2.249,8.549,1.406,7.706
2020-07,0.788,2.171,8.514,1.383,7.726
2020-08,0.912,2.251,8.604,1.339,7.692
2020-09,0.84,2.188,8.544,1.348,7.704
2020-10,0.931,2.245,8.614,1.314,7.683
2020-11,0.982,2.234,8.638,1.252,7.656
2020-12,0.976,2.208,8.615,1.232,7.639
2021-01,0.97,2.092,8.482,1.122,7.512
2021-02,1.024,2.055,8.434,1.031,7.41
2021-03,1.144,2.069,8.428,0.925,7.284
2021-04,1.141,1.912,8.274,0.771,7.133
2021-05,1.216,1.94,8.311,0.724,7.095
2021-06,1.437,1.957,8.337,0.52,6.9
2021-07,1.41,1.845,8.196,0.435,6.786
2021-08,1.392,1.825,8.122,0.433,6.73
2021-09,1.613,2.065,8.256,0.452,6.643
2021-10,2.074,2.538,8.505,0.464,6.431
2021-11,1.835,2.405,8.263,0.57,6.428
2021-12,1.798,2.415,8.27,0.617,6.472
2022-01,2.2,2.768,8.64,0.568,6.44
2022-02,2.234,2.851,8.693,0.617,6.459
2022-03,2.583,3.269,9.095,0.686,6.512
2022-04,2.934,3.661,9.501,0.727,6.567
2022-05,2.996,3.773,9.616,0.777,6.62
2022-06,3.552,4.359,10.206,0.807,6.654
2022-07,3.026,3.99,9.84,0.964,6.814
2022-08,3.717,4.69,10.548,0.973,6.831
2022-09,4.256,5.33,11.185,1.074,6.929
2022-10,4.168,5.557,11.412,1.389,7.244
2022-11,3.683,5.445,11.284,1.762,7.601
2022-12,3.721,5.231,11.166,1.51,7.445
2023-01,3.293,4.306,10.531,1.013,7.238
2023-02,3.727,4.415,10.833,0.688,7.106
2023-03,3.267,4.07,10.452,0.803,7.185
2023-04,3.34,4.146,10.528,0.806,7.188
2023-05,3.5,4.302,10.694,0.802,7.194
2023-06,3.687,4.493,10.88,0.806,7.193
2023-07,3.665,4.454,10.853,0.789,7.188
2023-08,3.704,4.468,10.886,0.764,7.182
2023-09,3.894,4.662,11.077,0.768,7.183
2023-10,4.101,4.921,11.301,0.82,7.2
2023-11,3.553,4.294,10.73,0.741,7.177
2023-12,3.154,3.898,10.342,0.744,7.188
2024-01,3.262,4.003,10.426,0.741,7.164
2024-02,3.386,4.035,10.399,0.649,7.013
2024-03,3.324,3.928,10.152,0.604,6.828
2024-04,3.516,3.989,10.209,0.473,6.693
2024-05,3.431,3.852,9.997,0.421,6.566
2024-06,3.207,3.668,9.761,0.461,6.554
2024-07,3.0,3.454,9.485,0.454,6.485
2024-08,2.954,3.508,9.429,0.554,6.475
2024-09,2.808,3.394,9.256,0.586,6.448
2024-10,2.958,3.526,9.364,0.568,6.406
2024-11,2.605,3.191,8.991,0.586,6.386
2024-12,2.596,3.284,9.054,0.688,6.458
2025-01,2.54,3.185,8.943,0.645,6.403
2025-02,2.568,3.16,8.924,0.592,6.356
2025-03,2.589,3.155,8.915,0.566,6.326
2025-04,2.293,2.885,8.634,0.592,6.341
2025-05,2.331,2.9,8.65,0.569,6.319
2025-06,2.447,2.957,8.77,0.51,6.323
2025-07,2.469,2.956,8.786,0.487,6.317
2025-08,2.432,2.905,8.747,0.473,6.315
2025-09,2.569,3.006,8.854,0.437,6.285
2025-10,2.729,3.133,8.983,0.404,6.254
2025-11,3.08,3.507,9.357,0.427,6.277
2025-12,2.954,3.476,9.312,0.522,6.358
2026-01,3.135,3.651,9.488,0.516,6.353
2026-02,3.032,3.642,9.468,0.61,6.436
2026-03,3.529,4.15,9.947,0.621,6.418
2026-04,3.568,4.226,10.007,0.658,6.439
2026-05,3.729,4.349,10.157,0.62,6.428
2026-06,3.723,4.387,10.204,0.664,6.481
2026-07,3.776,4.491,10.287,0.715,6.511
2026-08,3.732,4.436,10.233,0.704,6.501
