# 구리 현물 (LME cash, 달러/톤, 일별 종가) · 네이버 시장지표 CMCU0 · scripts/commodities.py · 받은 날 2026-10-07
# 창구가 최근 3년 남짓(처음 받은 날 2023-10-09 부터)만 준다 — 덮어쓰지 않고 합친다. 날짜는 거래소 현지 날짜다.
date,value
2023-10-09,8039.25
2023-10-10,7945
2023-10-11,7946.5
2023-10-12,7915.75
2023-10-13,7875.81
2023-10-16,7915.5
2023-10-17,7902.75
2023-10-18,7901.5
2023-10-19,7928
2023-10-20,7879.76
2023-10-23,7900.76
2023-10-24,7985
2023-10-25,7958.5
2023-10-26,7911
2023-10-27,8030
2023-10-30,8068.75
2023-10-31,8029
2023-11-01,8030
2023-11-02,8064
2023-11-03,8095.7
2023-11-06,8157.74
2023-11-07,8101
2023-11-08,8058.5
2023-11-09,8068.11
2023-11-10,7954.69
2023-11-13,8081.25
2023-11-14,8144
2023-11-15,8172.25
2023-11-16,8122
2023-11-17,8168.2
2023-11-20,8340.25
2023-11-21,8353
2023-11-22,8252.99
2023-11-23,8306.5
2023-11-24,8329.75
2023-11-27,8259.25
2023-11-28,8387.75
2023-11-29,8336.5
2023-11-30,8387.5
2023-12-01,8538.52
2023-12-04,8362.75
2023-12-05,8252.75
2023-12-06,8201.25
2023-12-07,8258
2023-12-08,8366.25
2023-12-11,8249.1
2023-12-12,8259.75
2023-12-13,8237.4
2023-12-14,8460.51
2023-12-15,8454.65
2023-12-18,8393.81
2023-12-19,8500.5
2023-12-20,8488.5
2023-12-21,8508.5
2023-12-22,8483.5
2023-12-27,8589
2023-12-28,8530.25
2023-12-29,8463.92
2024-01-02,8440.5
2024-01-03,8418.5
2024-01-04,8367.8
2024-01-05,8361
2024-01-08,8339.69
2024-01-09,8263.4
2024-01-10,8269
2024-01-11,8262.2
2024-01-12,8241.2
2024-01-15,8284
2024-01-16,8268
2024-01-17,8174.25
2024-01-18,8223.8
2024-01-19,8271.76
2024-01-22,8254.5
2024-01-23,8312
2024-01-24,8472.49
2024-01-25,8477.5
2024-01-26,8448.05
2024-01-29,8455
2024-01-30,8511.75
2024-01-31,8500.5
2024-02-01,8425.5
2024-02-02,8374.34
2024-02-05,8247.24
2024-02-06,8293.25
2024-02-07,8198.74
2024-02-08,8085.02
2024-02-09,8065.04
2024-02-12,8128.68
2024-02-13,8155.5
2024-02-14,8097
2024-02-15,8223
2024-02-16,8409.16
2024-02-19,8353.5
2024-02-20,8423.99
2024-02-21,8456.5
2024-02-22,8499.5
2024-02-23,8475
2024-02-26,8361.5
2024-02-27,8375.25
2024-02-28,8354.75
2024-02-29,8401.5
2024-03-01,8416
2024-03-04,8455.91
2024-03-05,8400.75
2024-03-06,8484.25
2024-03-07,8546.49
2024-03-08,8487.27
2024-03-11,8559.65
2024-03-12,8560.7
2024-03-13,8833.46
2024-03-14,8783.25
2024-03-15,8968.5
2024-03-18,8986.11
2024-03-19,8870.81
2024-03-20,8818.84
2024-03-21,8837.66
2024-03-22,8756.04
2024-03-25,8757.63
2024-03-26,8748.47
2024-03-27,8744.39
2024-03-28,8766.51
2024-04-02,8888.06
2024-04-03,9150.56
2024-04-04,9242.06
2024-04-05,9208.5
2024-04-08,9281.51
2024-04-09,9283
2024-04-10,9240.45
2024-04-11,9209.9
2024-04-12,9333.2
2024-04-15,9499.47
2024-04-16,9355.1
2024-04-17,9489.7
2024-04-18,9652
2024-04-19,9797.24
2024-04-22,9742
2024-04-23,9602.05
2024-04-24,9654.83
2024-04-25,9742.15
2024-04-26,9852.84
2024-04-29,10063.9
2024-04-30,9892.4
2024-05-01,9782.43
2024-05-02,9642.46
2024-05-03,9790.13
2024-05-07,9894.29
2024-05-08,9767.35
2024-05-09,9780.61
2024-05-10,9897.52
2024-05-13,10082.4
2024-05-14,10008.46
2024-05-15,10124.79
2024-05-16,10343.18
2024-05-17,10597.85
2024-05-20,10800.81
2024-05-21,10742
2024-05-22,10295.21
2024-05-23,10318.41
2024-05-24,10204.59
2024-05-28,10380.76
2024-05-29,10326.27
2024-05-30,10007.14
2024-05-31,9913.38
2024-06-03,10016.96
2024-06-04,9820.12
2024-06-05,9806.25
2024-06-06,10036.51
2024-06-07,9638.42
2024-06-10,9765.86
2024-06-11,9630.4
2024-06-12,9820.99
2024-06-13,9663.72
2024-06-14,9615.52
2024-06-17,9536.8
2024-06-18,9532.27
2024-06-19,9647.21
2024-06-20,9721.5
2024-06-21,9547.61
2024-06-24,9513.25
2024-06-25,9422.59
2024-06-26,9399.31
2024-06-27,9372.07
2024-06-28,9455.98
2024-07-01,9482.77
2024-07-02,9527.16
2024-07-03,9720.19
2024-07-04,9734.08
2024-07-05,9795.24
2024-07-08,9760.01
2024-07-09,9711.02
2024-07-10,9743.59
2024-07-11,9627.95
2024-07-12,9726.88
2024-07-15,9652.55
2024-07-16,9505.34
2024-07-17,9489.6
2024-07-18,9254.9
2024-07-19,9179.32
2024-07-22,9090.68
2024-07-23,9046.71
2024-07-24,8976.43
2024-07-25,9003.52
2024-07-26,8995.45
2024-07-29,8893.67
2024-07-30,8842.86
2024-07-31,9102.28
2024-08-01,8923.85
2024-08-02,8933.85
2024-08-05,8765.32
2024-08-06,8804.02
2024-08-07,8640.93
2024-08-08,8670.92
2024-08-09,8747.28
2024-08-12,8908.18
2024-08-13,8847.41
2024-08-14,8863.8
2024-08-15,9050.88
2024-08-16,9006.25
2024-08-19,9142.64
2024-08-20,9085.84
2024-08-21,9136.11
2024-08-22,9010.28
2024-08-23,9173.38
2024-08-27,9326.52
2024-08-28,9129.97
2024-08-29,9125.64
2024-08-30,9118.14
2024-09-02,9057.34
2024-09-03,8829.85
2024-09-04,8836.82
2024-09-05,8978.71
2024-09-06,8875.52
2024-09-09,8972.42
2024-09-10,8898.81
2024-09-11,8964.78
2024-09-12,9095.69
2024-09-13,9189.17
2024-09-16,9264.82
2024-09-17,9237.63
2024-09-18,9266.06
2024-09-19,9388.22
2024-09-20,9346.45
2024-09-23,9413.08
2024-09-24,9665.31
2024-09-25,9677.64
2024-09-26,9944.84
2024-09-27,9846.53
2024-09-30,9692.01
2024-10-01,9840.22
2024-10-02,9943.34
2024-10-03,9717.92
2024-10-04,9796.41
2024-10-07,9777.73
2024-10-08,9594.57
2024-10-09,9529.83
2024-10-10,9582.86
2024-10-11,9650.49
2024-10-14,9526.48
2024-10-15,9386.71
2024-10-16,9418.77
2024-10-17,9384.92
2024-10-18,9503.03
2024-10-21,9420.76
2024-10-22,9437.8
2024-10-23,9376.54
2024-10-24,9367.42
2024-10-25,9469.4
2024-10-28,9396.98
2024-10-29,9388.04
2024-10-30,9398.03
2024-10-31,9373.55
2024-11-01,9444.83
2024-11-04,9568.39
2024-11-05,9598.02
2024-11-06,9199.57
2024-11-07,9527.11
2024-11-08,9302.37
2024-11-11,9187.46
2024-11-12,9002.18
2024-11-13,8908.61
2024-11-14,8861.99
2024-11-15,8881.89
2024-11-18,8954.64
2024-11-19,8966.59
2024-11-20,8968.02
2024-11-21,8885.11
2024-11-22,8848.01
2024-11-25,8923.43
2024-11-26,8884.13
2024-11-27,8901.72
2024-11-28,8884.35
2024-11-29,8891.85
2024-12-02,8874.13
2024-12-03,9010.21
2024-12-04,8969.99
2024-12-05,8961.83
2024-12-06,9011.91
2024-12-09,9118.98
2024-12-10,9101.04
2024-12-11,9074.07
2024-12-12,8972.62
2024-12-13,8940.53
2024-12-16,8942.47
2024-12-17,8868.97
2024-12-18,8909.54
2024-12-19,8770.41
2024-12-20,8832.85
2024-12-23,8801.52
2024-12-24,8845.82
2024-12-27,8871.92
2024-12-30,8794.85
2024-12-31,8652.67
2025-01-02,8691.69
2025-01-03,8767.96
2025-01-06,8887.1
2025-01-07,8886.89
2025-01-08,8917.34
2025-01-09,8971.57
2025-01-10,8991.86
2025-01-13,8978.84
2025-01-14,9033.7
2025-01-15,9053.38
2025-01-16,9123.09
2025-01-17,9081.89
2025-01-20,9163.02
2025-01-21,9168.88
2025-01-22,9105.45
2025-01-23,9117.75
2025-01-24,9156.25
2025-01-27,8972.06
2025-01-28,8861.31
2025-01-29,8943.8
2025-01-30,9008.68
2025-01-31,8928.47
2025-02-03,8978.57
2025-02-04,9024.7
2025-02-05,9114.51
2025-02-06,9155.36
2025-02-07,9287.61
2025-02-10,9330.01
2025-02-11,9239.16
2025-02-12,9344.29
2025-02-13,9434.88
2025-02-14,9490.43
2025-02-17,9321
2025-02-18,9401.15
2025-02-19,9425.91
2025-02-20,9532.1
2025-02-21,9518.84
2025-02-24,9489.49
2025-02-25,9363.85
2025-02-26,9448.27
2025-02-27,9381.31
2025-02-28,9338.06
2025-03-03,9394.28
2025-03-04,9328.39
2025-03-05,9586.92
2025-03-06,9747.77
2025-03-07,9608.63
2025-03-10,9510.04
2025-03-11,9639.18
2025-03-12,9751.6
2025-03-13,9751.09
2025-03-14,9731.86
2025-03-17,9799.28
2025-03-18,9852.83
2025-03-19,9951.83
2025-03-20,9885.36
2025-03-21,9813.48
2025-03-24,9916.45
2025-03-25,10091.54
2025-03-26,9883.22
2025-03-27,9800.17
2025-03-28,9749.69
2025-03-31,9658.68
2025-04-01,9650.69
2025-04-02,9653.73
2025-04-03,9319.27
2025-04-04,8717.08
2025-04-07,8693.73
2025-04-08,8621.34
2025-04-09,8571.37
2025-04-10,9003.54
2025-04-11,9191.89
2025-04-14,9156.99
2025-04-15,9119.26
2025-04-16,9171.28
2025-04-17,9160.97
2025-04-22,9352.47
2025-04-23,9363.38
2025-04-24,9398.93
2025-04-25,9376.41
2025-04-28,9406.6
2025-04-29,9430.24
2025-04-30,9118.2
2025-05-01,9239.94
2025-05-02,9385.73
2025-05-06,9559.75
2025-05-07,9441.15
2025-05-08,9477.32
2025-05-09,9494.69
2025-05-12,9544.37
2025-05-13,9618.67
2025-05-14,9621.33
2025-05-15,9616.74
2025-05-16,9478.95
2025-05-19,9539.02
2025-05-20,9522.66
2025-05-21,9547.51
2025-05-22,9516.38
2025-05-23,9641.14
2025-05-27,9636.58
2025-05-28,9609.97
2025-05-29,9619.57
2025-05-30,9548.08
2025-06-02,9667.99
2025-06-03,9686.31
2025-06-04,9669.98
2025-06-05,9832.65
2025-06-06,9762.84
2025-06-09,9888.78
2025-06-10,9840.6
2025-06-11,9703.49
2025-06-12,9787.51
2025-06-13,9718.41
2025-06-16,9798.59
2025-06-17,9791.77
2025-06-18,9761.46
2025-06-19,9748.36
2025-06-20,9908.49
2025-06-23,9947.47
2025-06-24,9819.85
2025-06-25,9813.19
2025-06-26,10219.33
2025-06-27,10118.67
2025-06-30,10050.69
2025-07-01,10050.3
2025-07-02,10109.2
2025-07-03,10042.11
2025-07-04,9959.85
2025-07-07,9909.3
2025-07-08,9841.81
2025-07-09,9652.87
2025-07-10,9699.55
2025-07-11,9638.93
2025-07-14,9556.93
2025-07-15,9597.23
2025-07-16,9570.51
2025-07-17,9607.79
2025-07-18,9724.74
2025-07-21,9793.04
2025-07-22,9851.26
2025-07-23,9878.14
2025-07-24,9827.08
2025-07-25,9715.82
2025-07-28,9738.66
2025-07-29,9746.29
2025-07-30,9651.7
2025-07-31,9560.24
2025-08-01,9581.25
2025-08-04,9634.27
2025-08-05,9571.18
2025-08-06,9613.38
2025-08-07,9618.87
2025-08-08,9692.45
2025-08-11,9648.25
2025-08-12,9753.36
2025-08-13,9723.8
2025-08-14,9677.25
2025-08-15,9679.75
2025-08-18,9636.25
2025-08-19,9595.15
2025-08-20,9629.75
2025-08-21,9643.49
2025-08-22,9718.12
2025-08-26,9752.18
2025-08-27,9665.57
2025-08-28,9735.21
2025-08-29,9821.74
2025-09-01,9797.73
2025-09-02,9910.92
2025-09-03,9908.61
2025-09-04,9830.84
2025-09-05,9829.46
2025-09-08,9833.93
2025-09-09,9835.98
2025-09-10,9956.39
2025-09-11,9989.96
2025-09-12,9994.08
2025-09-15,10124.57
2025-09-16,10067.24
2025-09-17,9924.87
2025-09-18,9868.91
2025-09-19,9924.1
2025-09-22,9900.06
2025-09-23,9901.39
2025-09-24,10305.13
2025-09-25,10227.95
2025-09-26,10142.59
2025-09-29,10384.78
2025-09-30,10225.52
2025-10-01,10338.15
2025-10-02,10456.42
2025-10-03,10690.34
2025-10-06,10613.06
2025-10-07,10724.27
2025-10-08,10639.48
2025-10-09,10842.6
2025-10-10,10486.81
2025-10-13,11047.28
2025-10-14,10632.87
2025-10-15,10668.94
2025-10-16,10635.84
2025-10-17,10587.67
2025-10-20,10668.15
2025-10-21,10593.28
2025-10-22,10656.64
2025-10-23,10842.95
2025-10-24,10936.53
2025-10-27,11005.16
2025-10-28,11018.96
2025-10-29,11163.84
2025-10-30,10895.61
2025-10-31,10873.06
2025-11-03,10829.3
2025-11-04,10633.05
2025-11-05,10659.13
2025-11-06,10651.54
2025-11-07,10698.28
2025-11-10,10781.15
2025-11-11,10805.72
2025-11-12,10929.9
2025-11-13,10950.04
2025-11-14,10855.88
2025-11-17,10745.88
2025-11-18,10684.17
2025-11-19,10719.37
2025-11-20,10719.61
2025-11-21,10778.56
2025-11-24,10797.88
2025-11-25,10827.52
2025-11-26,10983.83
2025-11-27,10956.06
2025-11-28,11233.69
2025-12-01,11321.1
2025-12-02,11214.18
2025-12-03,11575.88
2025-12-04,11500.44
2025-12-05,11643.55
2025-12-08,11643.69
2025-12-09,11487
2025-12-10,11568.19
2025-12-11,11896.76
2025-12-12,11535.69
2025-12-15,11651.11
2025-12-16,11582.48
2025-12-17,11727.2
2025-12-18,11764.11
2025-12-19,11886.23
2025-12-22,11931.58
2025-12-23,12073.66
2025-12-24,12182.19
2025-12-29,12253.35
2025-12-30,12598.37
2025-12-31,12453.39
2026-01-02,12508.1
2026-01-05,13033.48
2026-01-06,13240.98
2026-01-07,12914.48
2026-01-08,12737.25
2026-01-09,13039.94
2026-01-12,13273.81
2026-01-13,13254.23
2026-01-14,13232.79
2026-01-15,13143.6
2026-01-16,12864.52
2026-01-19,13033.05
2026-01-20,12855.34
2026-01-21,12780.89
2026-01-22,12672.66
2026-01-23,13048.94
2026-01-26,13127.93
2026-01-27,12912.7
2026-01-28,12985.41
2026-01-29,13524.24
2026-01-30,13067.62
2026-02-02,12832.33
2026-02-03,13408.6
2026-02-04,12962.66
2026-02-05,12825.42
2026-02-06,12923.05
2026-02-09,13099.13
2026-02-10,13031.9
2026-02-11,13090.49
2026-02-12,12780.79
2026-02-13,12774.57
2026-02-16,12738.37
2026-02-17,12510.13
2026-02-18,12816.75
2026-02-19,12713.58
2026-02-20,12880.95
2026-02-23,12784.9
2026-02-24,13078.3
2026-02-25,13245.98
2026-02-26,13234.97
2026-02-27,13294.03
2026-03-02,13033.99
2026-03-03,12911.05
2026-03-04,13038.47
2026-03-05,12857.44
2026-03-06,12817.14
2026-03-09,12886.78
2026-03-10,13047.61
2026-03-11,12940.1
2026-03-12,12897.39
2026-03-13,12677.8
2026-03-16,12753.5
2026-03-17,12661.53
2026-03-18,12288.28
2026-03-19,12046.38
2026-03-20,11834.73
2026-03-23,12081.74
2026-03-24,12008.77
2026-03-25,12250.27
2026-03-26,12076.79
2026-03-27,12124.14
2026-03-30,12140.95
2026-03-31,12256.76
2026-04-01,12349.09
2026-04-02,12287.94
2026-04-07,12228.36
2026-04-08,12611.86
2026-04-09,12585.91
2026-04-10,12819.36
2026-04-13,12996.39
2026-04-14,13252.99
2026-04-15,13188.66
2026-04-16,13206.2
2026-04-17,13281.92
2026-04-20,13199.54
2026-04-21,13163.82
2026-04-22,13374.19
2026-04-23,13300.69
2026-04-24,13246.81
2026-04-27,13139.25
2026-04-28,12951.12
2026-04-29,12924.39
2026-04-30,12910.76
2026-05-01,12916.4
2026-05-05,13059.15
2026-05-06,13319.94
2026-05-07,13331.26
2026-05-08,13515.39
2026-05-11,13893.11
2026-05-12,13958.9
2026-05-13,14109.48
2026-05-14,13894.74
2026-05-15,13503.11
2026-05-18,13532.18
2026-05-19,13333.9
2026-05-20,13595.63
2026-05-21,13455.86
2026-05-22,13614.84
2026-05-26,13565.69
2026-05-27,13465.16
2026-05-28,13656.19
2026-05-29,13599.71
2026-06-01,13808.12
2026-06-02,14036.66
2026-06-03,13802.37
2026-06-04,13920.49
2026-06-05,13490.32
2026-06-08,13592.08
2026-06-09,13573.34
2026-06-10,13466.23
2026-06-11,13448.01
2026-06-12,13645.33
2026-06-15,13669.66
2026-06-16,13699.9
2026-06-17,13763.45
2026-06-18,13624.19
2026-06-19,13526.62
2026-06-22,13580.37
2026-06-23,13302.84
2026-06-24,13029.71
2026-06-25,13227.58
2026-06-26,13335.92
2026-06-29,13252.81
2026-06-30,13348.9
2026-07-01,13249.24
2026-07-02,13287.6
2026-07-03,13317.36
2026-07-06,13348.43
2026-07-07,13298.49
2026-07-08,13097.18
2026-07-09,13439.8
2026-07-10,13418.55
2026-07-13,13487.86
2026-07-14,13595.75
2026-07-15,13534.07
2026-07-16,13554.35
2026-07-17,13500.88
2026-07-20,13621.19
2026-07-21,13898.49
2026-07-22,13812.7
2026-07-23,13599.1
2026-07-24,13653.8
2026-07-27,13770.61
2026-07-28,13715.2
2026-07-29,13605.04
2026-07-30,13843.49
2026-07-31,13835.7
2026-08-03,13943.57
2026-08-04,14168.88
2026-08-05,14218.65
2026-08-06,14226.64
2026-08-07,14190.59
2026-08-10,14334.23
2026-08-11,14352.36
2026-08-12,14294.25
2026-08-13,14394.14
2026-08-14,14576.29
2026-08-17,14593.98
2026-08-18,14234.5
2026-08-19,14364.31
2026-08-20,14113.21
2026-08-21,14276.82
2026-08-24,14361.55
2026-08-25,14505.94
2026-08-26,14461.57
2026-08-27,14453.9
2026-08-28,14445.59
2026-09-01,14405.6
2026-09-02,14303.06
2026-09-03,14391.43
2026-09-04,14490.24
2026-09-07,14587.8
2026-09-08,14741.19
2026-09-09,14808.98
2026-09-10,14222.85
2026-09-11,14229.62
2026-09-14,13915.25
2026-09-15,14020.97
2026-09-16,14201.24
2026-09-17,14491.35
2026-09-18,14543.05
2026-09-21,14709.97
2026-09-22,14820.97
2026-09-23,14686.93
2026-09-24,14745.75
2026-09-25,14728.37
2026-09-28,14434.72
2026-09-29,14474.85
2026-09-30,14453.04
2026-10-01,14281.54
2026-10-02,14312
2026-10-05,14495.99
2026-10-06,14482.68
