# 은 선물 연속물 (COMEX, 달러/트로이온스, 일별 종가) · 네이버 시장지표 SIcv1 · scripts/commodities.py · 받은 날 2026-10-09
# 창구가 최근 3년 남짓(처음 받은 날 2023-10-09 부터)만 준다 — 덮어쓰지 않고 합친다. 날짜는 거래소 현지 날짜다.
# 선물 연속물이라 만기 교체 날 값이 한 번 뛸 수 있다.
date,value
2023-10-09,21.92
2023-10-10,21.95
2023-10-11,22.13
2023-10-12,21.96
2023-10-13,22.9
2023-10-16,22.77
2023-10-17,23.02
2023-10-18,23.1
2023-10-19,23.03
2023-10-20,23.5
2023-10-23,23.21
2023-10-24,23.12
2023-10-25,23.01
2023-10-26,22.91
2023-10-27,22.89
2023-10-30,23.4
2023-10-31,22.95
2023-11-01,22.79
2023-11-02,22.85
2023-11-03,23.29
2023-11-06,23.23
2023-11-07,22.59
2023-11-08,22.73
2023-11-09,22.91
2023-11-10,22.28
2023-11-13,22.36
2023-11-14,23.13
2023-11-15,23.54
2023-11-16,23.93
2023-11-17,23.85
2023-11-20,23.61
2023-11-21,23.87
2023-11-22,23.69
2023-11-24,24.34
2023-11-27,24.68
2023-11-28,24.94
2023-11-29,25.07
2023-11-30,25.66
2023-12-01,25.86
2023-12-04,24.91
2023-12-05,24.55
2023-12-06,24.23
2023-12-07,24.06
2023-12-08,23.28
2023-12-11,23.06
2023-12-12,23.02
2023-12-13,22.92
2023-12-14,24.39
2023-12-15,24.15
2023-12-18,24.11
2023-12-19,24.32
2023-12-20,24.63
2023-12-21,24.59
2023-12-22,24.57
2023-12-26,24.4
2023-12-27,24.64
2023-12-28,24.37
2023-12-29,24.09
2024-01-02,23.95
2024-01-03,23.16
2024-01-04,23.19
2024-01-05,23.32
2024-01-08,23.31
2024-01-09,23.09
2024-01-10,23.07
2024-01-11,22.71
2024-01-12,23.33
2024-01-16,23.09
2024-01-17,22.67
2024-01-18,22.81
2024-01-19,22.71
2024-01-22,22.3
2024-01-23,22.46
2024-01-24,22.89
2024-01-25,22.93
2024-01-26,22.87
2024-01-29,23.25
2024-01-30,23.23
2024-01-31,23.17
2024-02-01,23.24
2024-02-02,22.8
2024-02-05,22.42
2024-02-06,22.48
2024-02-07,22.36
2024-02-08,22.64
2024-02-09,22.59
2024-02-12,22.77
2024-02-13,22.15
2024-02-14,22.39
2024-02-15,22.95
2024-02-16,23.48
2024-02-20,23.14
2024-02-21,22.87
2024-02-22,22.78
2024-02-23,22.98
2024-02-26,22.53
2024-02-27,22.53
2024-02-28,22.41
2024-02-29,22.67
2024-03-01,23.15
2024-03-04,23.78
2024-03-05,23.98
2024-03-06,24.49
2024-03-07,24.58
2024-03-08,24.55
2024-03-11,24.72
2024-03-12,24.39
2024-03-13,25.16
2024-03-14,25.06
2024-03-15,25.38
2024-03-18,25.27
2024-03-19,25.14
2024-03-20,25.1
2024-03-21,25.01
2024-03-22,24.84
2024-03-25,24.89
2024-03-26,24.62
2024-03-27,24.75
2024-03-28,24.92
2024-04-01,25.07
2024-04-02,25.92
2024-04-03,27.06
2024-04-04,27.25
2024-04-05,27.5
2024-04-08,27.81
2024-04-09,27.98
2024-04-10,28.05
2024-04-11,28.25
2024-04-12,28.33
2024-04-15,28.72
2024-04-16,28.38
2024-04-17,28.4
2024-04-18,28.38
2024-04-19,28.84
2024-04-22,27.25
2024-04-23,27.36
2024-04-24,27.35
2024-04-25,27.35
2024-04-26,27.25
2024-04-29,27.37
2024-04-30,26.39
2024-05-01,26.49
2024-05-02,26.58
2024-05-03,26.45
2024-05-06,27.37
2024-05-07,27.3
2024-05-08,27.36
2024-05-09,28.13
2024-05-10,28.28
2024-05-13,28.22
2024-05-14,28.49
2024-05-15,29.51
2024-05-16,29.67
2024-05-17,31.05
2024-05-20,32.21
2024-05-21,31.87
2024-05-22,31.3
2024-05-23,30.28
2024-05-24,30.33
2024-05-28,31.97
2024-05-29,32.37
2024-05-30,31.53
2024-05-31,30.44
2024-06-03,30.78
2024-06-04,29.62
2024-06-05,30.07
2024-06-06,31.37
2024-06-07,29.44
2024-06-10,29.87
2024-06-11,29.23
2024-06-12,30.27
2024-06-13,29.07
2024-06-14,29.47
2024-06-17,29.39
2024-06-18,29.56
2024-06-20,30.82
2024-06-21,29.61
2024-06-24,29.53
2024-06-25,28.87
2024-06-26,28.93
2024-06-27,28.92
2024-06-28,29.56
2024-07-01,29.61
2024-07-02,29.66
2024-07-03,30.84
2024-07-05,31.69
2024-07-08,30.91
2024-07-09,31.06
2024-07-10,31.01
2024-07-11,31.67
2024-07-12,31.16
2024-07-15,30.94
2024-07-16,31.46
2024-07-17,30.38
2024-07-18,30.22
2024-07-19,29.3
2024-07-22,29.32
2024-07-23,29.33
2024-07-24,29.32
2024-07-25,27.98
2024-07-26,28.02
2024-07-29,27.87
2024-07-30,28.53
2024-07-31,28.94
2024-08-01,28.48
2024-08-02,28.39
2024-08-05,27.21
2024-08-06,27.22
2024-08-07,26.94
2024-08-08,27.61
2024-08-09,27.59
2024-08-12,28.01
2024-08-13,27.79
2024-08-14,27.34
2024-08-15,28.42
2024-08-16,28.85
2024-08-19,29.3
2024-08-20,29.52
2024-08-21,29.54
2024-08-22,29.05
2024-08-23,29.82
2024-08-26,30.01
2024-08-27,29.98
2024-08-28,29.2
2024-08-29,29.56
2024-08-30,29.14
2024-09-03,28.34
2024-09-04,28.56
2024-09-05,29.1
2024-09-06,28.18
2024-09-09,28.65
2024-09-10,28.61
2024-09-11,28.93
2024-09-12,30.11
2024-09-13,31.07
2024-09-16,31.14
2024-09-17,30.98
2024-09-18,30.69
2024-09-19,31.42
2024-09-20,31.51
2024-09-23,31.09
2024-09-24,32.43
2024-09-25,32.02
2024-09-26,32.34
2024-09-27,31.82
2024-09-30,31.46
2024-10-01,31.74
2024-10-02,31.92
2024-10-03,32.46
2024-10-04,32.39
2024-10-07,32
2024-10-08,30.6
2024-10-09,30.67
2024-10-10,31.24
2024-10-11,31.76
2024-10-14,31.32
2024-10-15,31.76
2024-10-16,31.97
2024-10-17,31.77
2024-10-18,33.23
2024-10-21,34.08
2024-10-22,35.04
2024-10-23,33.84
2024-10-24,33.8
2024-10-25,33.78
2024-10-28,34
2024-10-29,34.44
2024-10-30,34.08
2024-10-31,32.8
2024-11-01,32.68
2024-11-04,32.61
2024-11-05,32.78
2024-11-06,31.33
2024-11-07,31.86
2024-11-08,31.45
2024-11-11,30.61
2024-11-12,30.76
2024-11-13,30.66
2024-11-14,30.57
2024-11-15,30.43
2024-11-18,31.22
2024-11-19,31.26
2024-11-20,31.01
2024-11-21,30.94
2024-11-22,31.34
2024-11-25,30.24
2024-11-26,30.41
2024-11-27,30.11
2024-11-29,31.11
2024-12-02,30.86
2024-12-03,31.49
2024-12-04,31.92
2024-12-05,31.54
2024-12-06,31.59
2024-12-09,32.61
2024-12-10,32.75
2024-12-11,32.97
2024-12-12,31.62
2024-12-13,31.03
2024-12-16,31.06
2024-12-17,30.92
2024-12-18,30.74
2024-12-19,29.41
2024-12-20,29.96
2024-12-23,30.19
2024-12-24,30.28
2024-12-26,30.39
2024-12-27,29.97
2024-12-30,29.41
2024-12-31,29.24
2025-01-02,29.9
2025-01-03,30.07
2025-01-06,30.58
2025-01-07,30.69
2025-01-08,30.69
2025-01-09,31.02
2025-01-10,31.31
2025-01-13,30.31
2025-01-14,30.35
2025-01-15,31.53
2025-01-16,31.73
2025-01-17,31.14
2025-01-21,31.5
2025-01-22,31.42
2025-01-23,30.84
2025-01-24,31.19
2025-01-27,30.41
2025-01-28,30.88
2025-01-29,31.39
2025-01-30,32.49
2025-01-31,32.27
2025-02-03,32.53
2025-02-04,33.02
2025-02-05,32.98
2025-02-06,32.63
2025-02-07,32.44
2025-02-10,32.49
2025-02-11,32.32
2025-02-12,32.79
2025-02-13,32.73
2025-02-14,32.86
2025-02-18,33.37
2025-02-19,33.04
2025-02-20,33.49
2025-02-21,33.01
2025-02-24,32.6
2025-02-25,31.83
2025-02-26,32.27
2025-02-27,31.8
2025-02-28,31.5
2025-03-03,32.31
2025-03-04,32.38
2025-03-05,33.13
2025-03-06,33.34
2025-03-07,32.81
2025-03-10,32.53
2025-03-11,33.15
2025-03-12,33.74
2025-03-13,34.31
2025-03-14,34.43
2025-03-17,34.31
2025-03-18,34.82
2025-03-19,34.21
2025-03-20,33.99
2025-03-21,33.49
2025-03-24,33.45
2025-03-25,34.19
2025-03-26,34.22
2025-03-27,35.08
2025-03-28,34.81
2025-03-31,34.61
2025-04-01,34.31
2025-04-02,34.65
2025-04-03,31.97
2025-04-04,29.23
2025-04-07,29.6
2025-04-08,29.69
2025-04-09,30.42
2025-04-10,30.76
2025-04-11,31.91
2025-04-14,32.17
2025-04-15,32.3
2025-04-16,32.98
2025-04-17,32.47
2025-04-21,32.52
2025-04-22,32.91
2025-04-23,33.55
2025-04-24,33.5
2025-04-25,33.01
2025-04-28,33.01
2025-04-29,33.28
2025-04-30,32.83
2025-05-01,32.47
2025-05-02,32.26
2025-05-05,32.47
2025-05-06,33.38
2025-05-07,32.79
2025-05-08,32.62
2025-05-09,32.91
2025-05-12,32.62
2025-05-13,33.1
2025-05-14,32.44
2025-05-15,32.68
2025-05-16,32.35
2025-05-19,32.51
2025-05-20,33.17
2025-05-21,33.65
2025-05-22,33.22
2025-05-23,33.61
2025-05-27,33.31
2025-05-28,33.16
2025-05-29,33.42
2025-05-30,33.03
2025-06-02,34.69
2025-06-03,34.63
2025-06-04,34.65
2025-06-05,35.81
2025-06-06,36.14
2025-06-09,36.8
2025-06-10,36.64
2025-06-11,36.26
2025-06-12,36.3
2025-06-13,36.36
2025-06-16,36.45
2025-06-17,37.15
2025-06-18,36.91
2025-06-20,36.02
2025-06-23,36.19
2025-06-24,35.73
2025-06-25,36.11
2025-06-26,36.59
2025-06-27,36.04
2025-06-30,36.17
2025-07-01,36.4
2025-07-02,36.73
2025-07-03,37.08
2025-07-07,36.9
2025-07-08,36.75
2025-07-09,36.63
2025-07-10,37.31
2025-07-11,38.96
2025-07-14,38.74
2025-07-15,38.11
2025-07-16,38.12
2025-07-17,38.3
2025-07-18,38.46
2025-07-21,39.33
2025-07-22,39.56
2025-07-23,39.5
2025-07-24,39.22
2025-07-25,38.37
2025-07-28,38.22
2025-07-29,38.29
2025-07-30,37.74
2025-07-31,36.71
2025-08-01,36.93
2025-08-04,37.33
2025-08-05,37.82
2025-08-06,37.9
2025-08-07,38.29
2025-08-08,38.54
2025-08-11,37.79
2025-08-12,38
2025-08-13,38.6
2025-08-14,38.07
2025-08-15,37.98
2025-08-18,38.03
2025-08-19,37.33
2025-08-20,37.77
2025-08-21,38.08
2025-08-22,39.05
2025-08-25,38.7
2025-08-26,38.61
2025-08-27,38.71
2025-08-28,39.19
2025-08-29,40.72
2025-09-02,41.59
2025-09-03,42.06
2025-09-04,41.42
2025-09-05,41.55
2025-09-08,41.9
2025-09-09,41.34
2025-09-10,41.6
2025-09-11,42.15
2025-09-12,42.83
2025-09-15,42.96
2025-09-16,42.92
2025-09-17,42.15
2025-09-18,42.12
2025-09-19,42.95
2025-09-22,44.21
2025-09-23,44.61
2025-09-24,44.19
2025-09-25,45.11
2025-09-26,46.66
2025-09-29,47.02
2025-09-30,46.64
2025-10-01,47.68
2025-10-02,46.37
2025-10-03,47.97
2025-10-06,48.45
2025-10-07,47.52
2025-10-08,48.99
2025-10-09,47.16
2025-10-10,47.25
2025-10-13,50.43
2025-10-14,50.62
2025-10-15,51.38
2025-10-16,53.3
2025-10-17,50.1
2025-10-20,51.38
2025-10-21,47.7
2025-10-22,47.68
2025-10-23,48.7
2025-10-24,48.59
2025-10-27,46.77
2025-10-28,47.32
2025-10-29,47.91
2025-10-30,48.62
2025-10-31,48.16
2025-11-03,48.05
2025-11-04,47.29
2025-11-05,48.02
2025-11-06,47.95
2025-11-07,48.14
2025-11-10,50.31
2025-11-11,50.74
2025-11-12,53.46
2025-11-13,53.17
2025-11-14,50.69
2025-11-17,50.71
2025-11-18,50.52
2025-11-19,50.85
2025-11-20,50.3
2025-11-21,49.91
2025-11-24,50.33
2025-11-25,50.97
2025-11-26,52.92
2025-11-28,57.16
2025-12-01,59.14
2025-12-02,58.7
2025-12-03,58.62
2025-12-04,57.49
2025-12-05,59.05
2025-12-08,58.41
2025-12-09,60.84
2025-12-10,61.03
2025-12-11,64.59
2025-12-12,62.01
2025-12-15,63.59
2025-12-16,63.32
2025-12-17,66.9
2025-12-18,65.22
2025-12-19,67.49
2025-12-22,68.57
2025-12-23,71.14
2025-12-24,71.69
2025-12-26,77.2
2025-12-29,70.46
2025-12-30,77.92
2025-12-31,70.6
2026-01-02,71.02
2026-01-05,76.66
2026-01-06,81.04
2026-01-07,77.61
2026-01-08,75.14
2026-01-09,79.34
2026-01-12,85.09
2026-01-13,86.34
2026-01-14,91.39
2026-01-15,92.35
2026-01-16,88.54
2026-01-20,94.64
2026-01-21,92.64
2026-01-22,96.37
2026-01-23,101.33
2026-01-26,115.5
2026-01-27,105.96
2026-01-28,113.53
2026-01-29,114.43
2026-01-30,78.53
2026-02-02,77.01
2026-02-03,83.3
2026-02-04,84.4
2026-02-05,76.71
2026-02-06,76.9
2026-02-09,82.23
2026-02-10,80.38
2026-02-11,83.92
2026-02-12,75.68
2026-02-13,77.96
2026-02-17,73.54
2026-02-18,77.6
2026-02-19,77.63
2026-02-20,82.34
2026-02-23,86.57
2026-02-24,87.51
2026-02-25,90.99
2026-02-26,87.58
2026-02-27,93.29
2026-03-02,88.85
2026-03-03,83.47
2026-03-04,83.18
2026-03-05,82.18
2026-03-06,84.31
2026-03-09,84.52
2026-03-10,89.59
2026-03-11,85.54
2026-03-12,85.11
2026-03-13,81.34
2026-03-16,80.68
2026-03-17,79.92
2026-03-18,77.59
2026-03-19,71.22
2026-03-20,69.66
2026-03-23,69.36
2026-03-24,69.57
2026-03-25,72.64
2026-03-26,67.93
2026-03-27,69.8
2026-03-30,70.57
2026-03-31,74.92
2026-04-01,76.08
2026-04-02,72.92
2026-04-06,72.85
2026-04-07,71.99
2026-04-08,75.39
2026-04-09,76.44
2026-04-10,76.48
2026-04-13,75.67
2026-04-14,79.53
2026-04-15,79.63
2026-04-16,78.71
2026-04-17,81.84
2026-04-20,80.04
2026-04-21,76.49
2026-04-22,77.96
2026-04-23,75.5
2026-04-24,76.41
2026-04-27,75.03
2026-04-28,73.22
2026-04-29,72.09
2026-04-30,74.03
2026-05-01,76.43
2026-05-04,73.52
2026-05-05,73.58
2026-05-06,77.3
2026-05-07,80.18
2026-05-08,80.87
2026-05-11,85.95
2026-05-12,85.59
2026-05-13,89.37
2026-05-14,85.33
2026-05-15,77.55
2026-05-18,77.44
2026-05-19,75.16
2026-05-20,76.18
2026-05-21,76.73
2026-05-22,76.2
2026-05-26,76.61
2026-05-27,74.9
2026-05-28,75.91
2026-05-29,75.88
2026-06-01,75.25
2026-06-02,75.56
2026-06-03,73.69
2026-06-04,73.97
2026-06-05,69.1
2026-06-08,68.59
2026-06-09,65.24
2026-06-10,64.74
2026-06-11,64
2026-06-12,67.97
2026-06-15,70.18
2026-06-16,70.01
2026-06-17,70.77
2026-06-18,66.32
2026-06-22,65.58
2026-06-23,62.07
2026-06-24,58.09
2026-06-25,58.36
2026-06-26,59.22
2026-06-29,58.63
2026-06-30,59.92
2026-07-01,60.51
2026-07-02,61.06
2026-07-06,62.33
2026-07-07,61.33
2026-07-08,58.54
2026-07-09,60.75
2026-07-10,60.17
2026-07-13,57.97
2026-07-14,59.1
2026-07-15,57.43
2026-07-16,56.19
2026-07-17,56.33
2026-07-20,57.07
2026-07-21,59.11
2026-07-22,60.3
2026-07-23,58.05
2026-07-24,58.91
2026-07-27,58.71
2026-07-28,57.53
2026-07-29,58.09
2026-07-30,59.02
2026-07-31,57.79
2026-08-03,57.86
2026-08-04,60.25
2026-08-05,62.29
2026-08-06,61.61
2026-08-07,63.5
2026-08-10,65.27
2026-08-11,64.94
2026-08-12,65.7
2026-08-13,64.99
2026-08-14,65.11
2026-08-17,66.23
2026-08-18,64.04
2026-08-19,65.83
2026-08-20,68.11
2026-08-21,69.53
2026-08-24,68.59
2026-08-25,68.68
2026-08-26,68.03
2026-08-27,70.24
2026-08-28,67.79
2026-08-31,66.99
2026-09-01,65.37
2026-09-02,65.46
2026-09-03,67.7
2026-09-04,66.75
2026-09-08,67
2026-09-09,68.65
2026-09-10,64.93
2026-09-11,65.19
2026-09-14,64.14
2026-09-15,63.86
2026-09-16,64.92
2026-09-17,66.1
2026-09-18,67.15
2026-09-21,66.42
2026-09-22,66.53
2026-09-23,64.96
2026-09-24,64
2026-09-25,64.8
2026-09-28,61.72
2026-09-29,61.15
2026-09-30,60.57
2026-10-01,61.18
2026-10-02,60.42
2026-10-05,61.3
2026-10-06,61.59
2026-10-07,60.29
2026-10-08,59.42
