# RBOB 가솔린 선물 연속물 (NYMEX, 달러/갤런, 일별 종가) · 네이버 시장지표 RBcv1 · scripts/commodities.py · 받은 날 2026-10-07
# 창구가 최근 3년 남짓(처음 받은 날 2023-10-09 부터)만 준다 — 덮어쓰지 않고 합친다. 날짜는 거래소 현지 날짜다.
# 선물 연속물이라 만기 교체 날 값이 한 번 뛸 수 있다.
# RBOB 는 해마다 2월 중순(겨울→여름 규격)과 8월 중순(여름→겨울 규격)에 계약이 바뀌어 7~10% 뛴다. 오류가 아니다.
date,value
2023-10-09,2.2381
2023-10-10,2.2584
2023-10-11,2.2101
2023-10-12,2.165
2023-10-13,2.253
2023-10-16,2.2577
2023-10-17,2.2725
2023-10-18,2.3348
2023-10-19,2.343
2023-10-20,2.3538
2023-10-23,2.3116
2023-10-24,2.2527
2023-10-25,2.2688
2023-10-26,2.2371
2023-10-27,2.2952
2023-10-30,2.2168
2023-10-31,2.2173
2023-11-01,2.1855
2023-11-02,2.246
2023-11-03,2.201
2023-11-06,2.2359
2023-11-07,2.1677
2023-11-08,2.1285
2023-11-09,2.1608
2023-11-10,2.1895
2023-11-13,2.2093
2023-11-14,2.2006
2023-11-15,2.1803
2023-11-16,2.076
2023-11-17,2.1544
2023-11-20,2.1972
2023-11-21,2.208
2023-11-22,2.1958
2023-11-24,2.1366
2023-11-27,2.1454
2023-11-28,2.1926
2023-11-29,2.2473
2023-11-30,2.1758
2023-12-01,2.1211
2023-12-04,2.1342
2023-12-05,2.1103
2023-12-06,2.0302
2023-12-07,2.0012
2023-12-08,2.0498
2023-12-11,2.0431
2023-12-12,1.9797
2023-12-13,2.0249
2023-12-14,2.1188
2023-12-15,2.137
2023-12-18,2.1675
2023-12-19,2.2065
2023-12-20,2.2071
2023-12-21,2.1666
2023-12-22,2.1415
2023-12-26,2.1724
2023-12-27,2.1619
2023-12-28,2.0997
2023-12-29,2.1063
2024-01-02,2.0949
2024-01-03,2.1581
2024-01-04,2.1101
2024-01-05,2.1055
2024-01-08,2.0278
2024-01-09,2.0768
2024-01-10,2.0673
2024-01-11,2.1143
2024-01-12,2.1203
2024-01-16,2.1219
2024-01-17,2.1354
2024-01-18,2.2055
2024-01-19,2.1852
2024-01-22,2.2608
2024-01-23,2.2333
2024-01-24,2.2389
2024-01-25,2.291
2024-01-26,2.3258
2024-01-29,2.2646
2024-01-30,2.2968
2024-01-31,2.2312
2024-02-01,2.1948
2024-02-02,2.1475
2024-02-05,2.2092
2024-02-06,2.2173
2024-02-07,2.263
2024-02-08,2.342
2024-02-09,2.3395
2024-02-12,2.3673
2024-02-13,2.3946
2024-02-14,2.3169
2024-02-15,2.5652
2024-02-16,2.5783
2024-02-20,2.5086
2024-02-21,2.5308
2024-02-22,2.5675
2024-02-23,2.5093
2024-02-26,2.5572
2024-02-27,2.5944
2024-02-28,2.5512
2024-02-29,2.581
2024-03-01,2.6144
2024-03-04,2.5857
2024-03-05,2.5328
2024-03-06,2.5539
2024-03-07,2.5548
2024-03-08,2.5272
2024-03-11,2.5724
2024-03-12,2.5779
2024-03-13,2.6534
2024-03-14,2.6926
2024-03-15,2.7068
2024-03-18,2.7454
2024-03-19,2.7489
2024-03-20,2.7193
2024-03-21,2.7122
2024-03-22,2.717
2024-03-25,2.7284
2024-03-26,2.6853
2024-03-27,2.6719
2024-03-28,2.7206
2024-04-01,2.71
2024-04-02,2.7589
2024-04-03,2.7609
2024-04-04,2.7942
2024-04-05,2.7886
2024-04-08,2.7486
2024-04-09,2.7556
2024-04-10,2.7816
2024-04-11,2.7741
2024-04-12,2.7761
2024-04-15,2.7597
2024-04-16,2.7911
2024-04-17,2.6992
2024-04-18,2.6846
2024-04-19,2.6834
2024-04-22,2.663
2024-04-23,2.7011
2024-04-24,2.7087
2024-04-25,2.7333
2024-04-26,2.744
2024-04-29,2.7309
2024-04-30,2.6912
2024-05-01,2.5774
2024-05-02,2.5965
2024-05-03,2.5551
2024-05-06,2.5882
2024-05-07,2.5434
2024-05-08,2.5318
2024-05-09,2.5418
2024-05-10,2.4997
2024-05-13,2.5105
2024-05-14,2.4596
2024-05-15,2.4968
2024-05-16,2.5378
2024-05-17,2.5742
2024-05-20,2.5399
2024-05-21,2.51
2024-05-22,2.4678
2024-05-23,2.4694
2024-05-24,2.4842
2024-05-28,2.509
2024-05-29,2.4599
2024-05-30,2.4035
2024-05-31,2.4174
2024-06-03,2.3356
2024-06-04,2.3495
2024-06-05,2.3536
2024-06-06,2.3975
2024-06-07,2.3826
2024-06-10,2.4109
2024-06-11,2.4089
2024-06-12,2.3944
2024-06-13,2.4156
2024-06-14,2.3877
2024-06-17,2.4301
2024-06-18,2.4652
2024-06-20,2.4851
2024-06-21,2.4966
2024-06-24,2.495
2024-06-25,2.4978
2024-06-26,2.5245
2024-06-27,2.5268
2024-06-28,2.5015
2024-07-01,2.5783
2024-07-02,2.5734
2024-07-03,2.6013
2024-07-05,2.5591
2024-07-08,2.5379
2024-07-09,2.5274
2024-07-10,2.5034
2024-07-11,2.5178
2024-07-12,2.5153
2024-07-15,2.4916
2024-07-16,2.4775
2024-07-17,2.4669
2024-07-18,2.478
2024-07-19,2.4142
2024-07-22,2.4288
2024-07-23,2.3757
2024-07-24,2.4129
2024-07-25,2.4295
2024-07-26,2.417
2024-07-29,2.3723
2024-07-30,2.3443
2024-07-31,2.4425
2024-08-01,2.398
2024-08-02,2.3176
2024-08-05,2.3336
2024-08-06,2.3262
2024-08-07,2.3573
2024-08-08,2.3992
2024-08-09,2.3903
2024-08-12,2.4429
2024-08-13,2.3747
2024-08-14,2.3211
2024-08-15,2.1859
2024-08-16,2.1399
2024-08-19,2.0943
2024-08-20,2.0835
2024-08-21,2.0513
2024-08-22,2.0793
2024-08-23,2.1186
2024-08-26,2.1349
2024-08-27,2.0976
2024-08-28,2.0673
2024-08-29,2.1077
2024-08-30,2.0932
2024-09-03,1.9777
2024-09-04,1.9618
2024-09-05,1.9258
2024-09-06,1.896
2024-09-09,1.8959
2024-09-10,1.8423
2024-09-11,1.8754
2024-09-12,1.9064
2024-09-13,1.9059
2024-09-16,1.9415
2024-09-17,1.9754
2024-09-18,1.9836
2024-09-19,2.0284
2024-09-20,2.0073
2024-09-23,1.9676
2024-09-24,2.0055
2024-09-25,1.9742
2024-09-26,1.9348
2024-09-27,1.927
2024-09-30,1.9351
2024-10-01,1.9666
2024-10-02,1.9859
2024-10-03,2.0926
2024-10-04,2.0958
2024-10-07,2.1538
2024-10-08,2.0681
2024-10-09,2.0664
2024-10-10,2.1509
2024-10-11,2.1231
2024-10-14,2.0798
2024-10-15,2.0074
2024-10-16,2.0064
2024-10-17,2.0103
2024-10-18,1.9661
2024-10-21,1.9831
2024-10-22,2.0365
2024-10-23,2.0041
2024-10-24,1.9923
2024-10-25,2.037
2024-10-28,1.9257
2024-10-29,1.9179
2024-10-30,1.959
2024-10-31,1.9738
2024-11-01,1.9665
2024-11-04,2.0192
2024-11-05,2.0446
2024-11-06,2.0354
2024-11-07,2.0536
2024-11-08,2.0125
2024-11-11,1.957
2024-11-12,1.9643
2024-11-13,1.9651
2024-11-14,1.9817
2024-11-15,1.9493
2024-11-18,1.982
2024-11-19,1.9925
2024-11-20,1.9912
2024-11-21,2.0017
2024-11-22,2.0149
2024-11-25,1.9512
2024-11-26,1.9485
2024-11-27,1.9284
2024-11-29,1.8988
2024-12-02,1.9172
2024-12-03,1.9624
2024-12-04,1.9391
2024-12-05,1.9325
2024-12-06,1.9062
2024-12-09,1.9525
2024-12-10,1.9568
2024-12-11,1.9858
2024-12-12,1.9885
2024-12-13,2.0018
2024-12-16,1.9757
2024-12-17,1.9439
2024-12-18,1.9533
2024-12-19,1.9319
2024-12-20,1.9503
2024-12-23,1.9466
2024-12-24,1.9691
2024-12-26,1.9572
2024-12-27,1.9711
2024-12-30,1.9902
2024-12-31,2.0092
2025-01-02,2.0519
2025-01-03,2.0537
2025-01-06,2.0355
2025-01-07,2.0266
2025-01-08,2.0102
2025-01-09,2.0559
2025-01-10,2.1041
2025-01-13,2.1335
2025-01-14,2.1345
2025-01-15,2.1861
2025-01-16,2.1525
2025-01-17,2.144
2025-01-21,2.1155
2025-01-22,2.0869
2025-01-23,2.0953
2025-01-24,2.0765
2025-01-27,2.0548
2025-01-28,2.0757
2025-01-29,2.0607
2025-01-30,2.0665
2025-01-31,2.0588
2025-02-03,2.1177
2025-02-04,2.099
2025-02-05,2.0507
2025-02-06,2.0747
2025-02-07,2.105
2025-02-10,2.1042
2025-02-11,2.1473
2025-02-12,2.0896
2025-02-13,2.1107
2025-02-14,2.3155
2025-02-18,2.3222
2025-02-19,2.3201
2025-02-20,2.3217
2025-02-21,2.2657
2025-02-24,2.2572
2025-02-25,2.2154
2025-02-26,2.1922
2025-02-27,2.2418
2025-02-28,2.2223
2025-03-03,2.1878
2025-03-04,2.1942
2025-03-05,2.137
2025-03-06,2.1012
2025-03-07,2.1087
2025-03-10,2.0989
2025-03-11,2.1113
2025-03-12,2.1545
2025-03-13,2.1357
2025-03-14,2.1507
2025-03-17,2.182
2025-03-18,2.1716
2025-03-19,2.1728
2025-03-20,2.195
2025-03-21,2.1976
2025-03-24,2.2093
2025-03-25,2.2141
2025-03-26,2.2394
2025-03-27,2.2545
2025-03-28,2.2435
2025-03-31,2.2907
2025-04-01,2.3025
2025-04-02,2.331
2025-04-03,2.1643
2025-04-04,2.0461
2025-04-07,2.01
2025-04-08,1.9798
2025-04-09,2.0293
2025-04-10,1.9531
2025-04-11,1.9926
2025-04-14,2.0158
2025-04-15,2.0166
2025-04-16,2.0363
2025-04-17,2.0905
2025-04-21,2.0556
2025-04-22,2.0908
2025-04-23,2.0743
2025-04-24,2.0963
2025-04-25,2.1072
2025-04-28,2.0938
2025-04-29,2.057
2025-04-30,2.0177
2025-05-01,2.0492
2025-05-02,2.0199
2025-05-05,2.0228
2025-05-06,2.0645
2025-05-07,2.0278
2025-05-08,2.0854
2025-05-09,2.1084
2025-05-12,2.1331
2025-05-13,2.166
2025-05-14,2.1309
2025-05-15,2.0944
2025-05-16,2.1023
2025-05-19,2.0941
2025-05-20,2.1048
2025-05-21,2.1051
2025-05-22,2.0924
2025-05-23,2.0755
2025-05-27,2.048
2025-05-28,2.0632
2025-05-29,2.0372
2025-05-30,2.0151
2025-06-02,2.0525
2025-06-03,2.0788
2025-06-04,2.034
2025-06-05,2.0629
2025-06-06,2.0768
2025-06-09,2.0952
2025-06-10,2.088
2025-06-11,2.1668
2025-06-12,2.1271
2025-06-13,2.2135
2025-06-16,2.2062
2025-06-17,2.2585
2025-06-18,2.2898
2025-06-20,2.3105
2025-06-23,2.1991
2025-06-24,2.0709
2025-06-25,2.066
2025-06-26,2.0777
2025-06-27,2.0694
2025-06-30,2.0721
2025-07-01,2.1003
2025-07-02,2.1229
2025-07-03,2.1186
2025-07-07,2.1522
2025-07-08,2.185
2025-07-09,2.1879
2025-07-10,2.1524
2025-07-11,2.1435
2025-07-14,2.1251
2025-07-15,2.1233
2025-07-16,2.1014
2025-07-17,2.1291
2025-07-18,2.1145
2025-07-21,2.0956
2025-07-22,2.0694
2025-07-23,2.0881
2025-07-24,2.0754
2025-07-25,2.0633
2025-07-28,2.1021
2025-07-29,2.1759
2025-07-30,2.2021
2025-07-31,2.1739
2025-08-01,2.1186
2025-08-04,2.1022
2025-08-05,2.0915
2025-08-06,2.0904
2025-08-07,2.0775
2025-08-08,2.0861
2025-08-11,2.0766
2025-08-12,2.0744
2025-08-13,2.0704
2025-08-14,2.1092
2025-08-15,1.9087
2025-08-18,1.9369
2025-08-19,1.9227
2025-08-20,1.9591
2025-08-21,1.9872
2025-08-22,1.9938
2025-08-25,1.9917
2025-08-26,1.9547
2025-08-27,1.9682
2025-08-28,1.9902
2025-08-29,1.9689
2025-09-02,2.0428
2025-09-03,2.012
2025-09-04,2.0095
2025-09-05,1.9642
2025-09-08,1.9586
2025-09-09,1.9925
2025-09-10,2.008
2025-09-11,1.9793
2025-09-12,1.9854
2025-09-15,1.952
2025-09-16,1.9802
2025-09-17,1.9684
2025-09-18,1.9521
2025-09-19,1.9126
2025-09-22,1.918
2025-09-23,1.9398
2025-09-24,1.9622
2025-09-25,1.9547
2025-09-26,1.9888
2025-09-29,1.9417
2025-09-30,1.9223
2025-10-01,1.8859
2025-10-02,1.851
2025-10-03,1.8605
2025-10-06,1.9016
2025-10-07,1.8939
2025-10-08,1.9095
2025-10-09,1.8826
2025-10-10,1.8204
2025-10-13,1.8438
2025-10-14,1.8286
2025-10-15,1.8344
2025-10-16,1.8117
2025-10-17,1.7817
2025-10-20,1.7753
2025-10-21,1.7718
2025-10-22,1.8093
2025-10-23,1.8729
2025-10-24,1.8686
2025-10-27,1.866
2025-10-28,1.8634
2025-10-29,1.8907
2025-10-30,1.8926
2025-10-31,1.9008
2025-11-03,1.9161
2025-11-04,1.9228
2025-11-05,1.9093
2025-11-06,1.9656
2025-11-07,1.9403
2025-11-10,1.9711
2025-11-11,2.012
2025-11-12,1.8883
2025-11-13,1.8914
2025-11-14,1.9332
2025-11-17,1.9136
2025-11-18,1.922
2025-11-19,1.8604
2025-11-20,1.844
2025-11-21,1.8141
2025-11-24,1.8257
2025-11-25,1.8022
2025-11-26,1.8273
2025-11-28,1.8215
2025-12-01,1.8689
2025-12-02,1.8303
2025-12-03,1.8272
2025-12-04,1.8271
2025-12-05,1.8341
2025-12-08,1.7981
2025-12-09,1.7897
2025-12-10,1.7815
2025-12-11,1.7598
2025-12-12,1.7521
2025-12-15,1.7323
2025-12-16,1.6852
2025-12-17,1.6992
2025-12-18,1.7069
2025-12-19,1.7144
2025-12-22,1.7485
2025-12-23,1.7501
2025-12-24,1.7541
2025-12-26,1.7074
2025-12-29,1.7277
2025-12-30,1.733
2025-12-31,1.715
2026-01-02,1.6982
2026-01-05,1.72
2026-01-06,1.7006
2026-01-07,1.6945
2026-01-08,1.7814
2026-01-09,1.8055
2026-01-12,1.822
2026-01-13,1.8558
2026-01-14,1.8605
2026-01-15,1.8103
2026-01-16,1.8138
2026-01-20,1.851
2026-01-21,1.8795
2026-01-22,1.8387
2026-01-23,1.8694
2026-01-26,1.8382
2026-01-27,1.8826
2026-01-28,1.9041
2026-01-29,1.9353
2026-01-30,1.9422
2026-02-02,1.8514
2026-02-03,1.8979
2026-02-04,1.9652
2026-02-05,1.9266
2026-02-06,1.9532
2026-02-09,1.9855
2026-02-10,1.9592
2026-02-11,2.2023
2026-02-12,2.1436
2026-02-13,2.14
2026-02-17,2.1403
2026-02-18,2.2048
2026-02-19,2.2437
2026-02-20,2.2434
2026-02-23,2.2469
2026-02-24,2.2306
2026-02-25,2.2458
2026-02-26,2.2537
2026-02-27,2.2855
2026-03-02,2.3706
2026-03-03,2.4574
2026-03-04,2.5149
2026-03-05,2.6156
2026-03-06,2.6983
2026-03-09,2.7637
2026-03-10,2.6093
2026-03-11,2.6864
2026-03-12,2.8437
2026-03-13,2.8942
2026-03-16,2.8407
2026-03-17,2.9611
2026-03-18,2.9892
2026-03-19,3.0164
2026-03-20,3.119
2026-03-23,2.8396
2026-03-24,2.9902
2026-03-25,2.879
2026-03-26,2.9926
2026-03-27,3.079
2026-03-30,3.1257
2026-03-31,3.0556
2026-04-01,2.9568
2026-04-02,3.1319
2026-04-06,3.1591
2026-04-07,3.167
2026-04-08,2.9205
2026-04-09,2.9272
2026-04-10,2.9552
2026-04-13,3.0429
2026-04-14,2.9704
2026-04-15,3.0051
2026-04-16,3.0913
2026-04-17,2.9295
2026-04-20,3.0356
2026-04-21,3.1283
2026-04-22,3.2484
2026-04-23,3.3342
2026-04-24,3.3277
2026-04-27,3.3649
2026-04-28,3.4272
2026-04-29,3.5922
2026-04-30,3.615
2026-05-01,3.5952
2026-05-04,3.7382
2026-05-05,3.4694
2026-05-06,3.314
2026-05-07,3.306
2026-05-08,3.3595
2026-05-11,3.4375
2026-05-12,3.5365
2026-05-13,3.4709
2026-05-14,3.4607
2026-05-15,3.5564
2026-05-18,3.6214
2026-05-19,3.5742
2026-05-20,3.3831
2026-05-21,3.2758
2026-05-22,3.3514
2026-05-26,3.1468
2026-05-27,3.067
2026-05-28,3.1009
2026-05-29,3.0344
2026-06-01,3.0847
2026-06-02,3.1443
2026-06-03,3.1316
2026-06-04,2.9831
2026-06-05,2.9868
2026-06-08,3.019
2026-06-09,2.9808
2026-06-10,3.0632
2026-06-11,3.0458
2026-06-12,2.9867
2026-06-15,2.8843
2026-06-16,2.8132
2026-06-17,2.8333
2026-06-18,2.9017
2026-06-22,2.8795
2026-06-23,2.8584
2026-06-24,2.7915
2026-06-25,2.9024
2026-06-26,2.8259
2026-06-29,2.9012
2026-06-30,2.8949
2026-07-01,2.9452
2026-07-02,2.9173
2026-07-06,2.8186
2026-07-07,2.7893
2026-07-08,2.9229
2026-07-09,2.867
2026-07-10,2.8216
2026-07-13,2.9819
2026-07-14,3.0409
2026-07-15,3.0975
2026-07-16,3.0912
2026-07-17,3.1916
2026-07-20,3.1962
2026-07-21,3.2263
2026-07-22,3.2449
2026-07-23,3.3242
2026-07-24,3.2516
2026-07-27,3.1696
2026-07-28,3.1443
2026-07-29,3.2258
2026-07-30,3.1313
2026-07-31,3.1142
2026-08-03,2.9667
2026-08-04,2.8522
2026-08-05,2.8388
2026-08-06,2.6944
2026-08-07,2.7387
2026-08-10,2.8713
2026-08-11,2.8834
2026-08-12,2.8926
2026-08-13,2.8666
2026-08-14,2.9044
2026-08-17,2.9776
2026-08-18,3.0081
2026-08-19,2.9775
2026-08-20,3.0091
2026-08-21,3.0468
2026-08-24,2.9688
2026-08-25,2.9297
2026-08-26,2.9606
2026-08-27,2.9904
2026-08-28,3.0502
2026-08-31,3.077
2026-09-01,3.1351
2026-09-02,3.1038
2026-09-03,3.1349
2026-09-04,3.2146
2026-09-08,3.0653
2026-09-09,3.0481
2026-09-10,3.2063
2026-09-11,3.1198
2026-09-14,3.1374
2026-09-15,3.2464
2026-09-16,3.2332
2026-09-17,3.2486
2026-09-18,3.2555
2026-09-21,3.1954
2026-09-22,3.2221
2026-09-23,3.3404
2026-09-24,3.333
2026-09-25,3.1875
2026-09-28,3.1578
2026-09-29,3.1323
2026-09-30,3.2605
2026-10-01,3.4026
2026-10-02,3.3124
2026-10-05,3.2462
2026-10-06,3.2732
