일자,시장,종목수,상승,하락,하락비율,급락비율
20220104,코스닥,1374,812,562,40.9,2.11
20220104,코스피,844,505,339,40.17,0.71
20220105,코스닥,1392,348,1044,75.0,8.48
20220105,코스피,871,317,554,63.61,2.76
20220106,코스닥,1399,288,1111,79.41,12.29
20220106,코스피,888,223,665,74.89,3.94
20220107,코스닥,1384,1111,273,19.73,1.66
20220107,코스피,855,648,207,24.21,0.7
20220110,코스닥,1399,375,1024,73.2,5.86
20220110,코스피,873,258,615,70.45,3.67
20220111,코스닥,1409,291,1118,79.35,7.52
20220111,코스피,887,170,717,80.83,2.82
20220112,코스닥,1381,1126,255,18.46,1.3
20220112,코스피,870,730,140,16.09,0.57
20220113,코스닥,1357,515,842,62.05,3.76
20220113,코스피,860,411,449,52.21,1.28
20220114,코스닥,1371,430,941,68.64,3.5
20220114,코스피,867,204,663,76.47,1.96
20220117,코스닥,1411,275,1136,80.51,9.85
20220117,코스피,901,156,745,82.69,4.22
20220118,코스닥,1394,269,1125,80.7,6.89
20220118,코스피,896,170,726,81.03,6.14
20220119,코스닥,1383,357,1026,74.19,4.19
20220119,코스피,883,230,653,73.95,2.49
20220120,코스닥,1397,1203,194,13.89,0.86
20220120,코스피,880,706,174,19.77,0.57
20220121,코스닥,1383,392,991,71.66,5.5
20220121,코스피,856,246,610,71.26,3.39
20220124,코스닥,1432,154,1278,89.25,21.3
20220124,코스피,902,85,817,90.58,9.87
20220125,코스닥,1432,132,1300,90.78,30.24
20220125,코스피,915,53,862,94.21,20.55
20220126,코스닥,1336,714,622,46.56,2.84
20220126,코스피,860,485,375,43.6,1.86
20220127,코스닥,1433,153,1280,89.32,30.15
20220127,코스피,916,61,855,93.34,23.69
20220128,코스닥,1429,1284,145,10.15,1.33
20220128,코스피,914,855,59,6.46,0.77
20220203,코스닥,1407,1221,186,13.22,0.71
20220203,코스피,899,809,90,10.01,0.22
20220204,코스닥,1397,1088,309,22.12,3.58
20220204,코스피,889,767,122,13.72,1.46
20220207,코스닥,1356,655,701,51.7,1.4
20220207,코스피,852,467,385,45.19,0.47
20220208,코스닥,1368,395,973,71.13,3.29
20220208,코스피,856,312,544,63.55,1.52
20220209,코스닥,1405,1161,244,17.37,0.78
20220209,코스피,882,757,125,14.17,0.79
20220210,코스닥,1355,380,975,71.96,4.06
20220210,코스피,844,373,471,55.81,1.18
20220211,코스닥,1413,209,1204,85.21,7.5
20220211,코스피,892,166,726,81.39,4.04
20220214,코스닥,1428,108,1320,92.44,26.75
20220214,코스피,903,116,787,87.15,9.97
20220215,코스닥,1400,261,1139,81.36,7.29
20220215,코스피,872,174,698,80.05,6.42
20220216,코스닥,1441,1376,65,4.51,0.62
20220216,코스피,896,832,64,7.14,0.56
20220217,코스닥,1351,582,769,56.92,1.63
20220217,코스피,832,460,372,44.71,0.72
20220218,코스닥,1366,1058,308,22.55,0.44
20220218,코스피,846,620,226,26.71,0.71
20220221,코스닥,1341,654,687,51.23,0.97
20220221,코스피,829,399,430,51.87,0.6
20220222,코스닥,1417,157,1260,88.92,8.61
20220222,코스피,879,101,778,88.51,4.1
20220223,코스닥,1345,1049,296,22.01,0.89
20220223,코스피,850,672,178,20.94,0.0
20220224,코스닥,1448,89,1359,93.85,23.96
20220224,코스피,903,106,797,88.26,10.41
20220225,코스닥,1422,1262,160,11.25,1.69
20220225,코스피,889,720,169,19.01,2.36
20220228,코스닥,1354,934,420,31.02,1.7
20220228,코스피,869,629,240,27.62,1.04
20220302,코스닥,1406,1156,250,17.78,0.43
20220302,코스피,871,642,229,26.29,0.8
20220303,코스닥,1386,1097,289,20.85,1.59
20220303,코스피,879,696,183,20.82,1.25
20220304,코스닥,1370,439,931,67.96,2.55
20220304,코스피,849,361,488,57.48,1.18
20220307,코스닥,1428,170,1258,88.1,7.56
20220307,코스피,894,139,755,84.45,3.69
20220308,코스닥,1407,233,1174,83.44,6.54
20220308,코스피,880,148,732,83.18,7.39
20220310,코스닥,1395,1109,286,20.5,2.15
20220310,코스피,879,695,184,20.93,2.5
20220311,코스닥,1375,913,462,33.6,0.8
20220311,코스피,857,583,274,31.97,1.28
20220314,코스닥,1393,288,1105,79.33,7.97
20220314,코스피,870,253,617,70.92,3.79
20220315,코스닥,1352,542,810,59.91,2.96
20220315,코스피,857,287,570,66.51,2.57
20220316,코스닥,1405,1217,188,13.38,0.78
20220316,코스피,862,734,128,14.85,0.46
20220317,코스닥,1382,1132,250,18.09,1.09
20220317,코스피,849,596,253,29.8,0.59
20220318,코스닥,1356,921,435,32.08,0.52
20220318,코스피,850,546,304,35.76,0.47
20220321,코스닥,1370,629,741,54.09,1.68
20220321,코스피,848,454,394,46.46,1.3
20220322,코스닥,1350,887,463,34.3,1.48
20220322,코스피,835,578,257,30.78,0.96
20220323,코스닥,1358,700,658,48.45,1.55
20220323,코스피,829,529,300,36.19,0.72
20220324,코스닥,1352,712,640,47.34,1.48
20220324,코스피,840,479,361,42.98,1.31
20220325,코스닥,1362,677,685,50.29,1.69
20220325,코스피,845,342,503,59.53,1.3
20220328,코스닥,1373,589,784,57.1,3.06
20220328,코스피,849,421,428,50.41,1.77
20220329,코스닥,1361,824,537,39.46,2.28
20220329,코스피,861,475,386,44.83,2.79
20220330,코스닥,1340,618,722,53.88,3.13
20220330,코스피,846,414,432,51.06,1.3
20220331,코스닥,1346,870,476,35.36,1.19
20220331,코스피,844,604,240,28.44,0.24
20220401,코스닥,1375,576,799,58.11,2.69
20220401,코스피,850,361,489,57.53,1.41
20220404,코스닥,1367,941,426,31.16,1.46
20220404,코스피,846,603,243,28.72,0.24
20220405,코스닥,1347,769,578,42.91,1.93
20220405,코스피,844,421,423,50.12,1.18
20220406,코스닥,1400,396,1004,71.71,1.86
20220406,코스피,859,275,584,67.99,1.51
20220407,코스닥,1420,223,1197,84.3,7.96
20220407,코스피,892,189,703,78.81,4.6
20220408,코스닥,1360,737,623,45.81,1.91
20220408,코스피,835,442,393,47.07,1.32
20220411,코스닥,1389,476,913,65.73,4.18
20220411,코스피,837,399,438,52.33,2.27
20220412,코스닥,1384,360,1024,73.99,2.38
20220412,코스피,869,226,643,73.99,1.96
20220413,코스닥,1389,1086,303,21.81,1.22
20220413,코스피,878,714,164,18.68,1.03
20220414,코스닥,1331,676,655,49.21,1.58
20220414,코스피,847,540,307,36.25,0.94
20220415,코스닥,1352,609,743,54.96,1.55
20220415,코스피,844,425,419,49.64,0.71
20220418,코스닥,1358,497,861,63.4,3.46
20220418,코스피,840,423,417,49.64,1.55
20220419,코스닥,1352,969,383,28.33,0.81
20220419,코스피,853,605,248,29.07,0.7
20220420,코스닥,1340,679,661,49.33,1.94
20220420,코스피,830,513,317,38.19,1.2
20220421,코스닥,1335,626,709,53.11,1.57
20220421,코스피,843,443,400,47.45,1.9
20220422,코스닥,1368,415,953,69.66,1.39
20220422,코스피,862,312,550,63.81,0.93
20220425,코스닥,1433,177,1256,87.65,10.12
20220425,코스피,903,142,761,84.27,4.98
20220426,코스닥,1362,977,385,28.27,1.32
20220426,코스피,866,550,316,36.49,1.04
20220427,코스닥,1400,293,1107,79.07,4.71
20220427,코스피,888,193,695,78.27,4.39
20220428,코스닥,1364,511,853,62.54,2.64
20220428,코스피,856,490,366,42.76,2.1
20220429,코스닥,1369,1080,289,21.11,1.17
20220429,코스피,860,566,294,34.19,1.05
20220502,코스닥,1362,642,720,52.86,0.95
20220502,코스피,837,424,413,49.34,0.24
20220503,코스닥,1336,766,570,42.66,1.42
20220503,코스피,843,368,475,56.35,0.83
20220504,코스닥,1373,353,1020,74.29,4.37
20220504,코스피,866,272,594,68.59,3.35
20220506,코스닥,1394,306,1088,78.05,4.09
20220506,코스피,882,227,655,74.26,2.27
20220509,코스닥,1431,136,1295,90.5,15.65
20220509,코스피,904,88,816,90.27,9.96
20220510,코스닥,1382,435,947,68.52,2.89
20220510,코스피,876,262,614,70.09,3.2
20220511,코스닥,1361,718,643,47.24,0.81
20220511,코스피,862,359,503,58.35,1.86
20220512,코스닥,1450,111,1339,92.34,24.07
20220512,코스피,911,117,794,87.16,12.84
20220513,코스닥,1387,1142,245,17.66,1.3
20220513,코스피,885,740,145,16.38,1.47
20220516,코스닥,1392,879,513,36.85,2.01
20220516,코스피,857,542,315,36.76,0.82
20220517,코스닥,1358,869,489,36.01,2.65
20220517,코스피,845,501,344,40.71,2.49
20220518,코스닥,1349,618,731,54.19,2.3
20220518,코스피,843,339,504,59.79,1.3
20220519,코스닥,1397,278,1119,80.1,2.93
20220519,코스피,890,123,767,86.18,2.58
20220520,코스닥,1380,977,403,29.2,0.8
20220520,코스피,842,654,188,22.33,0.36
20220523,코스닥,1382,647,735,53.18,2.68
20220523,코스피,828,364,464,56.04,2.05
20220524,코스닥,1415,181,1234,87.21,5.3
20220524,코스피,878,137,741,84.4,3.42
20220525,코스닥,1358,734,624,45.95,1.91
20220525,코스피,845,485,360,42.6,0.59
20220526,코스닥,1359,626,733,53.94,1.25
20220526,코스피,817,395,422,51.65,1.35
20220527,코스닥,1309,797,512,39.11,1.45
20220527,코스피,839,638,201,23.96,0.36
20220530,코스닥,1394,1146,248,17.79,0.57
20220530,코스피,866,712,154,17.78,0.35
20220531,코스닥,1342,834,508,37.85,0.75
20220531,코스피,834,543,291,34.89,0.48
20220602,코스닥,1351,598,753,55.74,1.11
20220602,코스피,842,322,520,61.76,1.43
20220603,코스닥,1341,753,588,43.85,0.89
20220603,코스피,842,506,336,39.9,1.31
20220607,코스닥,1418,228,1190,83.92,4.3
20220607,코스피,893,163,730,81.75,2.35
20220608,코스닥,1333,518,815,61.14,2.63
20220608,코스피,838,357,481,57.4,1.55
20220609,코스닥,1376,391,985,71.58,2.83
20220609,코스피,861,270,591,68.64,1.51
20220610,코스닥,1373,371,1002,72.98,2.91
20220610,코스피,871,255,616,70.72,2.18
20220613,코스닥,1464,76,1388,94.81,55.81
20220613,코스피,923,42,881,95.45,34.78
20220614,코스닥,1421,340,1081,76.07,4.79
20220614,코스피,882,176,706,80.05,4.42
20220615,코스닥,1447,147,1300,89.84,27.64
20220615,코스피,898,86,812,90.42,15.81
20220616,코스닥,1348,731,617,45.77,2.89
20220616,코스피,861,426,435,50.52,1.86
20220617,코스닥,1397,541,856,61.27,3.51
20220617,코스피,867,305,562,64.82,2.77
20220620,코스닥,1452,96,1356,93.39,53.31
20220620,코스피,920,62,858,93.26,32.61
20220621,코스닥,1390,1003,387,27.84,1.87
20220621,코스피,876,689,187,21.35,0.68
20220622,코스닥,1464,99,1365,93.24,48.98
20220622,코스피,910,40,870,95.6,31.54
20220623,코스닥,1459,88,1371,93.97,52.84
20220623,코스피,915,77,838,91.58,35.96
20220624,코스닥,1453,1382,71,4.89,0.62
20220624,코스피,919,875,44,4.79,0.44
20220627,코스닥,1451,1338,113,7.79,0.34
20220627,코스피,912,843,69,7.57,0.11
20220628,코스닥,1385,872,513,37.04,1.81
20220628,코스피,860,598,262,30.47,0.47
20220629,코스닥,1381,645,736,53.29,2.61
20220629,코스피,846,335,511,60.4,1.42
20220630,코스닥,1437,251,1186,82.53,12.53
20220630,코스피,881,182,699,79.34,6.92
20220701,코스닥,1443,223,1220,84.55,10.6
20220701,코스피,875,237,638,72.91,5.37
20220704,코스닥,1411,308,1103,78.17,8.86
20220704,코스피,881,188,693,78.66,5.68
20220705,코스닥,1455,1371,84,5.77,0.55
20220705,코스피,894,802,92,10.29,0.11
20220706,코스닥,1396,532,864,61.89,4.08
20220706,코스피,874,177,697,79.75,9.61
20220707,코스닥,1407,1220,187,13.29,0.71
20220707,코스피,878,726,152,17.31,0.46
20220708,코스닥,1378,1037,341,24.75,0.8
20220708,코스피,849,588,261,30.74,0.59
20220711,코스닥,1375,697,678,49.31,2.11
20220711,코스피,864,295,569,65.86,1.74
20220712,코스닥,1455,228,1227,84.33,12.16
20220712,코스피,901,129,772,85.68,3.88
20220713,코스닥,1394,909,485,34.79,2.73
20220713,코스피,848,550,298,35.14,0.94
20220714,코스닥,1366,813,553,40.48,1.9
20220714,코스피,851,433,418,49.12,0.82
20220715,코스닥,1404,518,886,63.11,2.99
20220715,코스피,859,258,601,69.97,1.4
20220718,코스닥,1440,1258,182,12.64,0.56
20220718,코스피,894,778,116,12.98,0.22
20220719,코스닥,1370,935,435,31.75,1.02
20220719,코스피,844,573,271,32.11,0.12
20220720,코스닥,1381,917,464,33.6,0.8
20220720,코스피,858,630,228,26.57,0.12
20220721,코스닥,1387,924,463,33.38,2.96
20220721,코스피,829,563,266,32.09,1.45
20220722,코스닥,1371,438,933,68.05,1.9
20220722,코스피,837,330,507,60.57,1.55
20220725,코스닥,1358,590,768,56.55,3.24
20220725,코스피,827,427,400,48.37,1.09
20220726,코스닥,1350,650,700,51.85,1.56
20220726,코스피,800,442,358,44.75,0.75
20220727,코스닥,1354,830,524,38.7,0.59
20220727,코스피,828,492,336,40.58,0.36
20220728,코스닥,1356,704,652,48.08,2.21
20220728,코스피,826,481,345,41.77,1.57
20220729,코스닥,1381,924,457,33.09,1.88
20220729,코스피,857,654,203,23.69,0.35
20220801,코스닥,1381,792,589,42.65,1.23
20220801,코스피,835,490,345,41.32,0.48
20220802,코스닥,1401,432,969,69.16,1.57
20220802,코스피,855,240,615,71.93,0.47
20220803,코스닥,1405,1011,394,28.04,0.78
20220803,코스피,842,576,266,31.59,0.24
20220804,코스닥,1384,916,468,33.82,1.16
20220804,코스피,848,466,382,45.05,0.59
20220805,코스닥,1371,840,531,38.73,1.09
20220805,코스피,836,595,241,28.83,0.6
20220808,코스닥,1392,601,791,56.82,2.16
20220808,코스피,831,422,409,49.22,0.36
20220809,코스닥,1378,621,757,54.93,1.81
20220809,코스피,834,422,412,49.4,1.2
20220810,코스닥,1427,320,1107,77.58,3.78
20220810,코스피,868,301,567,65.32,1.38
20220811,코스닥,1414,1149,265,18.74,0.64
20220811,코스피,882,770,112,12.7,0.11
20220812,코스닥,1382,827,555,40.16,1.52
20220812,코스피,840,565,275,32.74,0.6
20220816,코스닥,1385,672,713,51.48,2.24
20220816,코스피,834,413,421,50.48,1.8
20220817,코스닥,1426,358,1068,74.89,3.86
20220817,코스피,862,229,633,73.43,1.62
20220818,코스닥,1410,616,794,56.31,1.63
20220818,코스피,843,301,542,64.29,0.71
20220819,코스닥,1397,376,1021,73.09,2.58
20220819,코스피,849,262,587,69.14,1.06
20220822,코스닥,1469,134,1335,90.88,9.53
20220822,코스피,897,127,770,85.84,2.34
20220823,코스닥,1433,274,1159,80.88,3.91
20220823,코스피,892,206,686,76.91,1.46
20220824,코스닥,1416,1004,412,29.1,0.99
20220824,코스피,850,575,275,32.35,0.94
20220825,코스닥,1420,1214,206,14.51,0.77
20220825,코스피,858,708,150,17.48,0.35
20220826,코스닥,1378,586,792,57.47,0.94
20220826,코스피,834,437,397,47.6,0.48
20220829,코스닥,1482,137,1345,90.76,10.53
20220829,코스피,908,86,822,90.53,4.85
20220830,코스닥,1425,1160,265,18.6,0.63
20220830,코스피,855,647,208,24.33,0.7
20220831,코스닥,1377,1017,360,26.14,0.58
20220831,코스피,819,538,281,34.31,0.24
20220901,코스닥,1461,200,1261,86.31,7.8
20220901,코스피,905,78,827,91.38,5.86
20220902,코스닥,1395,503,892,63.94,2.15
20220902,코스피,850,322,528,62.12,1.18
20220905,코스닥,1444,257,1187,82.2,6.16
20220905,코스피,858,252,606,70.63,2.56
20220906,코스닥,1408,1081,327,23.22,1.42
20220906,코스피,855,606,249,29.12,0.35
20220907,코스닥,1450,252,1198,82.62,7.59
20220907,코스피,887,119,768,86.58,3.38
20220908,코스닥,1375,808,567,41.24,2.04
20220908,코스피,841,507,334,39.71,1.78
20220913,코스닥,1458,1305,153,10.49,0.96
20220913,코스피,898,771,127,14.14,1.22
20220914,코스닥,1444,346,1098,76.04,3.74
20220914,코스피,888,167,721,81.19,0.45
20220915,코스닥,1376,573,803,58.36,3.12
20220915,코스피,844,407,437,51.78,0.95
20220916,코스닥,1446,280,1166,80.64,6.98
20220916,코스피,880,193,687,78.07,3.86
20220919,코스닥,1465,203,1262,86.14,16.11
20220919,코스피,892,143,749,83.97,6.5
20220920,코스닥,1402,1012,390,27.82,1.21
20220920,코스피,852,654,198,23.24,0.47
20220921,코스닥,1414,475,939,66.41,4.03
20220921,코스피,859,279,580,67.52,1.63
20220922,코스닥,1439,420,1019,70.81,4.03
20220922,코스피,878,299,579,65.95,2.51
20220923,코스닥,1464,171,1293,88.32,17.08
20220923,코스피,906,110,796,87.86,11.92
20220926,코스닥,1498,66,1432,95.59,64.35
20220926,코스피,925,34,891,96.32,51.24
20220927,코스닥,1404,642,762,54.27,4.63
20220927,코스피,861,380,481,55.87,1.86
20220928,코스닥,1473,171,1302,88.39,34.69
20220928,코스피,914,91,823,90.04,18.38
20220929,코스닥,1406,723,683,48.58,4.05
20220929,코스피,857,440,417,48.66,1.75
20220930,코스닥,1387,621,766,55.23,4.04
20220930,코스피,880,319,561,63.75,3.52
20221004,코스닥,1478,1356,122,8.25,0.61
20221004,코스피,905,815,90,9.94,0.44
20221005,코스닥,1440,355,1085,75.35,5.76
20221005,코스피,881,248,633,71.85,2.72
20221006,코스닥,1478,1354,124,8.39,0.61
20221006,코스피,893,776,117,13.1,0.11
20221007,코스닥,1423,535,888,62.4,4.78
20221007,코스피,857,370,487,56.83,2.8
20221011,코스닥,1503,88,1415,94.15,49.23
20221011,코스피,926,60,866,93.52,27.43
20221012,코스닥,1411,594,817,57.9,6.17
20221012,코스피,860,410,450,52.33,3.6
20221013,코스닥,1504,117,1387,92.22,38.16
20221013,코스피,915,73,842,92.02,23.83
20221014,코스닥,1499,1380,119,7.94,0.8
20221014,코스피,909,848,61,6.71,0.44
20221017,코스닥,1429,992,437,30.58,1.82
20221017,코스피,859,537,322,37.49,2.33
20221018,코스닥,1470,1299,171,11.63,1.22
20221018,코스피,888,800,88,9.91,0.34
20221019,코스닥,1432,468,964,67.32,2.03
20221019,코스피,851,291,560,65.8,0.35
20221020,코스닥,1436,369,1067,74.3,4.53
20221020,코스피,878,270,608,69.25,4.1
20221021,코스닥,1453,259,1194,82.17,8.4
20221021,코스피,884,172,712,80.54,6.0
20221024,코스닥,1450,1108,342,23.59,1.79
20221024,코스피,868,622,246,28.34,1.04
20221025,코스닥,1428,753,675,47.27,2.52
20221025,코스피,863,335,528,61.18,2.67
20221026,코스닥,1430,372,1058,73.99,6.01
20221026,코스피,862,269,593,68.79,2.9
20221027,코스닥,1459,1145,314,21.52,0.82
20221027,코스피,881,770,111,12.6,0.11
20221028,코스닥,1433,374,1059,73.9,6.49
20221028,코스피,853,349,504,59.09,2.11
20221031,코스닥,1425,1011,414,29.05,1.61
20221031,코스피,846,526,320,37.83,1.54
20221101,코스닥,1430,1070,360,25.17,1.75
20221101,코스피,861,709,152,17.65,0.35
20221102,코스닥,1433,577,856,59.73,2.86
20221102,코스피,855,394,461,53.92,1.4
20221103,코스닥,1436,575,861,59.96,1.53
20221103,코스피,851,299,552,64.86,1.18
20221104,코스닥,1391,580,811,58.3,2.3
20221104,코스피,859,482,377,43.89,1.28
20221107,코스닥,1447,1033,414,28.61,1.24
20221107,코스피,874,626,248,28.38,0.8
20221108,코스닥,1459,1202,257,17.61,0.75
20221108,코스피,872,670,202,23.17,0.57
20221109,코스닥,1402,753,649,46.29,1.0
20221109,코스피,845,573,272,32.19,0.59
20221110,코스닥,1435,481,954,66.48,2.23
20221110,코스피,840,316,524,62.38,1.07
20221111,코스닥,1474,1282,192,13.03,0.54
20221111,코스피,891,783,108,12.12,0.34
20221114,코스닥,1435,842,593,41.32,2.65
20221114,코스피,864,563,301,34.84,0.81
20221115,코스닥,1466,1117,349,23.81,2.59
20221115,코스피,878,595,283,32.23,1.94
20221116,코스닥,1431,668,763,53.32,1.89
20221116,코스피,863,444,419,48.55,0.93
20221117,코스닥,1453,449,1004,69.1,2.96
20221117,코스피,859,216,643,74.85,2.68
20221118,코스닥,1430,452,978,68.39,2.17
20221118,코스피,859,316,543,63.21,1.86
20221121,코스닥,1484,256,1228,82.75,7.95
20221121,코스피,868,207,661,76.15,3.23
20221122,코스닥,1436,484,952,66.3,3.48
20221122,코스피,854,371,483,56.56,1.52
20221123,코스닥,1441,1082,359,24.91,1.04
20221123,코스피,878,663,215,24.49,0.8
20221124,코스닥,1463,1232,231,15.79,0.62
20221124,코스피,864,670,194,22.45,0.69
20221125,코스닥,1431,568,863,60.31,2.45
20221125,코스피,843,445,398,47.21,0.71
20221128,코스닥,1485,224,1261,84.92,6.87
20221128,코스피,868,166,702,80.88,2.42
20221129,코스닥,1429,1067,362,25.33,1.12
20221129,코스피,855,659,196,22.92,0.35
20221130,코스닥,1397,820,577,41.3,1.15
20221130,코스피,860,626,234,27.21,1.05
20221201,코스닥,1455,1176,279,19.18,0.41
20221201,코스피,866,642,224,25.87,0.35
20221202,코스닥,1420,586,834,58.73,2.18
20221202,코스피,866,263,603,69.63,3.7
20221205,코스닥,1442,717,725,50.28,3.47
20221205,코스피,853,407,446,52.29,1.76
20221206,코스닥,1471,246,1225,83.28,6.25
20221206,코스피,893,140,753,84.32,3.81
20221207,코스닥,1434,466,968,67.5,3.42
20221207,코스피,851,311,540,63.45,1.88
20221208,코스닥,1475,350,1125,76.27,4.88
20221208,코스피,861,218,643,74.68,3.14
20221209,코스닥,1454,1056,398,27.37,1.93
20221209,코스피,876,625,251,28.65,0.68
20221212,코스닥,1442,575,867,60.12,3.47
20221212,코스피,849,363,486,57.24,2.12
20221213,코스닥,1420,693,727,51.2,2.96
20221213,코스피,852,416,436,51.17,0.7
20221214,코스닥,1453,1203,250,17.21,0.48
20221214,코스피,858,631,227,26.46,0.58
20221215,코스닥,1412,607,805,57.01,2.27
20221215,코스피,847,307,540,63.75,1.77
20221216,코스닥,1456,398,1058,72.66,1.99
20221216,코스피,866,261,605,69.86,1.73
20221219,코스닥,1441,556,885,61.42,3.05
20221219,코스피,869,304,565,65.02,1.15
20221220,코스닥,1494,197,1297,86.81,7.83
20221220,코스피,886,133,753,84.99,3.39
20221221,코스닥,1417,640,777,54.83,1.48
20221221,코스피,860,495,365,42.44,0.81
20221222,코스닥,1418,940,478,33.71,1.62
20221222,코스피,864,654,210,24.31,0.81
20221223,코스닥,1506,131,1375,91.3,17.86
20221223,코스피,893,97,796,89.14,5.82
20221226,코스닥,1466,510,956,65.21,4.57
20221226,코스피,857,374,483,56.36,1.75
20221227,코스닥,1438,1070,368,25.59,1.18
20221227,코스피,871,665,206,23.65,0.11
20221228,코스닥,1458,592,866,59.4,6.1
20221228,코스피,887,243,644,72.6,9.36
20221229,코스닥,1489,230,1259,84.55,10.28
20221229,코스피,903,112,791,87.6,5.76
20230102,코스닥,1489,327,1162,78.04,9.2
20230102,코스피,890,178,712,80.0,5.39
20230103,코스닥,1462,740,722,49.38,2.26
20230103,코스피,866,343,523,60.39,2.66
20230104,코스닥,1479,1221,258,17.44,0.88
20230104,코스피,875,651,224,25.6,1.37
20230105,코스닥,1410,681,729,51.7,2.2
20230105,코스피,875,501,374,42.74,0.8
20230106,코스닥,1464,1135,329,22.47,1.09
20230106,코스피,864,602,262,30.32,1.62
20230109,코스닥,1489,1297,192,12.89,0.6
20230109,코스피,892,799,93,10.43,0.22
20230110,코스닥,1424,735,689,48.38,2.11
20230110,코스피,839,441,398,47.44,0.95
20230111,코스닥,1456,1215,241,16.55,0.69
20230111,코스피,848,602,246,29.01,0.24
20230112,코스닥,1416,690,726,51.27,1.27
20230112,코스피,857,492,365,42.59,0.58
20230113,코스닥,1410,795,615,43.62,0.99
20230113,코스피,847,522,325,38.37,0.24
20230116,코스닥,1406,868,538,38.26,1.42
20230116,코스피,849,499,350,41.22,0.71
20230117,코스닥,1473,402,1071,72.71,2.04
20230117,코스피,868,250,618,71.2,1.15
20230118,코스닥,1433,671,762,53.18,1.81
20230118,코스피,844,296,548,64.93,1.07
20230119,코스닥,1416,650,766,54.1,1.69
20230119,코스피,835,474,361,43.23,0.96
20230120,코스닥,1425,912,513,36.0,0.77
20230120,코스피,822,568,254,30.9,0.49
20230125,코스닥,1468,1082,386,26.29,0.54
20230125,코스피,858,528,330,38.46,0.7
20230126,코스닥,1481,944,537,36.26,2.57
20230126,코스피,875,621,254,29.03,0.34
20230127,코스닥,1468,876,592,40.33,1.09
20230127,코스피,866,572,294,33.95,0.12
20230130,코스닥,1471,610,861,58.53,1.77
20230130,코스피,881,233,648,73.55,1.82
20230131,코스닥,1463,786,677,46.27,1.3
20230131,코스피,869,499,370,42.58,0.58
20230201,코스닥,1479,874,605,40.91,2.64
20230201,코스피,862,513,349,40.49,1.28
20230202,코스닥,1497,1255,242,16.17,0.07
20230202,코스피,872,607,265,30.39,0.34
20230203,코스닥,1461,707,754,51.61,1.71
20230203,코스피,870,405,465,53.45,0.57
20230206,코스닥,1489,508,981,65.88,3.49
20230206,코스피,885,419,466,52.66,0.68
20230207,코스닥,1460,931,529,36.23,0.41
20230207,코스피,875,376,499,57.03,0.8
20230208,코스닥,1461,954,507,34.7,0.48
20230208,코스피,878,593,285,32.46,0.34
20230209,코스닥,1480,667,813,54.93,2.57
20230209,코스피,876,365,511,58.33,1.37
20230210,코스닥,1523,302,1221,80.17,7.94
20230210,코스피,895,285,610,68.16,2.12
20230213,코스닥,1489,552,937,62.93,2.89
20230213,코스피,874,342,532,60.87,1.03
20230214,코스닥,1481,832,649,43.82,1.42
20230214,코스피,867,491,376,43.37,0.12
20230215,코스닥,1536,256,1280,83.33,9.31
20230215,코스피,916,110,806,87.99,1.97
20230216,코스닥,1498,1172,326,21.76,1.2
20230216,코스피,889,673,216,24.3,0.45
20230217,코스닥,1492,480,1012,67.83,3.42
20230217,코스피,874,396,478,54.69,1.26
20230220,코스닥,1496,1093,403,26.94,1.2
20230220,코스피,885,562,323,36.5,1.58
20230221,코스닥,1492,754,738,49.46,1.14
20230221,코스피,876,551,325,37.1,0.68
20230222,코스닥,1516,278,1238,81.66,4.35
20230222,코스피,908,148,760,83.7,1.98
20230223,코스닥,1464,848,616,42.08,1.23
20230223,코스피,876,511,365,41.67,0.46
20230224,코스닥,1510,409,1101,72.91,2.19
20230224,코스피,888,225,663,74.66,0.56
20230227,코스닥,1510,483,1027,68.01,2.58
20230227,코스피,882,222,660,74.83,1.25
20230228,코스닥,1487,1047,440,29.59,0.94
20230228,코스피,870,506,364,41.84,0.34
20230302,코스닥,1496,691,805,53.81,3.21
20230302,코스피,888,497,391,44.03,0.79
20230303,코스닥,1458,849,609,41.77,1.58
20230303,코스피,882,469,413,46.83,1.02
20230306,코스닥,1488,861,627,42.14,1.75
20230306,코스피,890,437,453,50.9,1.35
20230307,코스닥,1491,644,847,56.81,4.16
20230307,코스피,882,465,417,47.28,1.02
20230308,코스닥,1519,376,1143,75.25,3.42
20230308,코스피,897,199,698,77.81,1.78
20230309,코스닥,1498,629,869,58.01,5.27
20230309,코스피,878,397,481,54.78,2.05
20230310,코스닥,1536,223,1313,85.48,8.4
20230310,코스피,907,118,789,86.99,2.87
20230313,코스닥,1522,412,1110,72.93,5.32
20230313,코스피,912,256,656,71.93,2.19
20230314,코스닥,1547,100,1447,93.54,38.66
20230314,코스피,925,48,877,94.81,18.27
20230315,코스닥,1527,1279,248,16.24,0.65
20230315,코스피,900,716,184,20.44,0.33
20230316,코스닥,1524,524,1000,65.62,3.61
20230316,코스피,896,223,673,75.11,1.45
20230317,코스닥,1541,1342,199,12.91,2.14
20230317,코스피,900,673,227,25.22,1.67
20230320,코스닥,1496,848,648,43.32,1.94
20230320,코스피,876,448,428,48.86,0.46
20230321,코스닥,1485,528,957,64.44,2.63
20230321,코스피,886,427,459,51.81,0.45
20230322,코스닥,1507,679,828,54.94,1.26
20230322,코스피,870,339,531,61.03,0.69
20230323,코스닥,1514,350,1164,76.88,4.1
20230323,코스피,895,224,671,74.97,1.34
20230324,코스닥,1496,1091,405,27.07,1.07
20230324,코스피,861,467,394,45.76,0.93
20230327,코스닥,1512,621,891,58.93,2.18
20230327,코스피,871,315,556,63.83,0.8
20230328,코스닥,1499,1079,420,28.02,1.93
20230328,코스피,881,690,191,21.68,0.57
20230329,코스닥,1492,809,683,45.78,2.48
20230329,코스피,862,553,309,35.85,0.35
20230330,코스닥,1494,940,554,37.08,2.07
20230330,코스피,875,596,279,31.89,1.03
20230331,코스닥,1512,508,1004,66.4,6.94
20230331,코스피,890,481,409,45.96,1.57
20230403,코스닥,1516,862,654,43.14,2.44
20230403,코스피,885,513,372,42.03,0.79
20230404,코스닥,1506,978,528,35.06,2.52
20230404,코스피,881,639,242,27.47,1.48
20230405,코스닥,1484,958,526,35.44,1.75
20230405,코스피,878,419,459,52.28,0.91
20230406,코스닥,1525,307,1218,79.87,5.9
20230406,코스피,895,192,703,78.55,1.23
20230407,코스닥,1488,804,684,45.97,2.35
20230407,코스피,857,435,422,49.24,1.28
20230410,코스닥,1530,306,1224,80.0,5.56
20230410,코스피,899,222,677,75.31,1.67
20230411,코스닥,1503,1048,455,30.27,1.53
20230411,코스피,891,688,203,22.78,0.67
20230412,코스닥,1500,977,523,34.87,3.73
20230412,코스피,892,638,254,28.48,1.23
20230413,코스닥,1485,847,638,42.96,2.9
20230413,코스피,870,539,331,38.05,1.84
20230414,코스닥,1488,967,521,35.01,0.74
20230414,코스피,874,610,264,30.21,0.69
20230417,코스닥,1479,764,715,48.34,2.37
20230417,코스피,882,490,392,44.44,1.02
20230418,코스닥,1504,508,996,66.22,3.32
20230418,코스피,891,312,579,64.98,2.36
20230419,코스닥,1490,916,574,38.52,2.62
20230419,코스피,877,596,281,32.04,1.03
20230420,코스닥,1524,223,1301,85.37,13.19
20230420,코스피,883,233,650,73.61,4.76
20230421,코스닥,1510,377,1133,75.03,8.08
20230421,코스피,889,247,642,72.22,5.29
20230424,코스닥,1514,332,1182,78.07,6.61
20230424,코스피,905,205,700,77.35,4.64
20230425,코스닥,1498,342,1156,77.17,7.54
20230425,코스피,891,248,643,72.17,4.26
20230426,코스닥,1491,496,995,66.73,6.44
20230426,코스피,871,321,550,63.15,4.59
20230427,코스닥,1478,844,634,42.9,2.44
20230427,코스피,875,407,468,53.49,1.94
20230428,코스닥,1494,490,1004,67.2,7.7
20230428,코스피,876,424,452,51.6,3.77
20230502,코스닥,1487,1194,293,19.7,1.41
20230502,코스피,891,643,248,27.83,0.67
20230503,코스닥,1470,666,804,54.69,2.93
20230503,코스피,869,343,526,60.53,1.96
20230504,코스닥,1478,639,839,56.77,4.26
20230504,코스피,871,431,440,50.52,2.87
20230508,코스닥,1488,936,552,37.1,3.29
20230508,코스피,877,573,304,34.66,2.96
20230509,코스닥,1490,473,1017,68.26,3.22
20230509,코스피,866,360,506,58.43,3.12
20230510,코스닥,1479,645,834,56.39,2.7
20230510,코스피,867,391,476,54.9,1.96
20230511,코스닥,1470,805,665,45.24,3.06
20230511,코스피,862,505,357,41.42,1.62
20230512,코스닥,1491,470,1021,68.48,2.95
20230512,코스피,887,234,653,73.62,2.93
20230515,코스닥,1484,391,1093,73.65,6.6
20230515,코스피,868,316,552,63.59,3.34
20230516,코스닥,1492,562,930,62.33,4.69
20230516,코스피,870,305,565,64.94,3.56
20230517,코스닥,1493,1229,264,17.68,0.94
20230517,코스피,874,554,320,36.61,1.14
20230518,코스닥,1474,993,481,32.63,2.58
20230518,코스피,855,582,273,31.93,0.94
20230519,코스닥,1476,980,496,33.6,1.63
20230519,코스피,883,549,334,37.83,2.04
20230522,코스닥,1471,957,514,34.94,0.68
20230522,코스피,873,637,236,27.03,0.23
20230523,코스닥,1437,751,686,47.74,1.32
20230523,코스피,859,428,431,50.17,0.7
20230524,코스닥,1461,485,976,66.8,1.98
20230524,코스피,861,399,462,53.66,0.93
20230525,코스닥,1476,438,1038,70.33,1.9
20230525,코스피,868,185,683,78.69,1.27
20230526,코스닥,1503,463,1040,69.19,2.79
20230526,코스피,870,197,673,77.36,2.07
20230530,코스닥,1478,933,545,36.87,2.23
20230530,코스피,867,457,410,47.29,1.15
20230531,코스닥,1483,647,836,56.37,1.69
20230531,코스피,864,303,561,64.93,0.69
20230601,코스닥,1478,870,608,41.14,1.29
20230601,코스피,862,426,436,50.58,0.7
20230602,코스닥,1464,865,599,40.92,1.37
20230602,코스피,876,603,273,31.16,0.91
20230605,코스닥,1480,914,566,38.24,1.01
20230605,코스피,869,658,211,24.28,0.23
20230607,코스닥,1465,713,752,51.33,1.57
20230607,코스피,865,423,442,51.1,1.5
20230608,코스닥,1491,530,961,64.45,2.01
20230608,코스피,877,372,505,57.58,1.14
20230609,코스닥,1445,892,553,38.27,0.69
20230609,코스피,869,490,379,43.61,0.35
20230612,코스닥,1478,565,913,61.77,1.62
20230612,코스피,883,306,577,65.35,1.02
20230613,코스닥,1468,747,721,49.11,0.75
20230613,코스피,859,388,471,54.83,1.28
20230614,코스닥,1522,290,1232,80.95,4.86
20230614,코스피,900,238,662,73.56,2.67
20230615,코스닥,1480,616,864,58.38,2.09
20230615,코스피,874,244,630,72.08,1.37
20230616,코스닥,1485,924,561,37.78,0.74
20230616,코스피,867,598,269,31.03,0.58
20230619,코스닥,1489,714,775,52.05,2.48
20230619,코스피,872,469,403,46.22,1.38
20230620,코스닥,1494,586,908,60.78,3.01
20230620,코스피,875,327,548,62.63,2.06
20230621,코스닥,1511,431,1080,71.48,2.91
20230621,코스피,888,207,681,76.69,2.25
20230622,코스닥,1477,518,959,64.93,2.84
20230622,코스피,855,360,495,57.89,1.99
20230623,코스닥,1501,504,997,66.42,2.33
20230623,코스피,898,174,724,80.62,2.67
20230626,코스닥,1481,790,691,46.66,1.96
20230626,코스피,880,497,383,43.52,1.93
20230627,코스닥,1485,653,832,56.03,3.16
20230627,코스피,872,438,434,49.77,1.72
20230628,코스닥,1479,606,873,59.03,2.57
20230628,코스피,873,367,506,57.96,2.29
20230629,코스닥,1521,409,1112,73.11,5.39
20230629,코스피,903,163,740,81.95,2.99
20230630,코스닥,1498,853,645,43.06,3.6
20230630,코스피,877,616,261,29.76,1.37
20230703,코스닥,1504,1101,403,26.8,1.53
20230703,코스피,880,607,273,31.02,0.8
20230704,코스닥,1507,612,895,59.39,1.99
20230704,코스피,883,295,588,66.59,1.81
20230705,코스닥,1506,404,1102,73.17,3.45
20230705,코스피,880,247,633,71.93,1.36
20230706,코스닥,1533,206,1327,86.56,9.98
20230706,코스피,907,151,756,83.35,4.74
20230707,코스닥,1506,408,1098,72.91,3.98
20230707,코스피,897,238,659,73.47,1.45
20230710,코스닥,1504,651,853,56.72,4.52
20230710,코스피,882,430,452,51.25,1.7
20230711,코스닥,1496,1103,393,26.27,1.0
20230711,코스피,878,627,251,28.59,0.8
20230712,코스닥,1499,796,703,46.9,1.73
20230712,코스피,862,497,365,42.34,1.51
20230713,코스닥,1491,966,525,35.21,1.81
20230713,코스피,873,472,401,45.93,1.72
20230714,코스닥,1503,546,957,63.67,3.46
20230714,코스피,875,445,430,49.14,2.29
20230717,코스닥,1517,780,737,48.58,3.82
20230717,코스피,885,371,514,58.08,1.02
20230718,코스닥,1526,371,1155,75.69,4.39
20230718,코스피,899,173,726,80.76,2.67
20230719,코스닥,1512,509,1003,66.34,4.23
20230719,코스피,876,274,602,68.72,1.94
20230720,코스닥,1482,795,687,46.36,1.75
20230720,코스피,867,447,420,48.44,0.81
20230721,코스닥,1532,471,1061,69.26,3.79
20230721,코스피,865,355,510,58.96,1.04
20230724,코스닥,1547,209,1338,86.49,16.55
20230724,코스피,913,119,794,86.97,6.24
20230725,코스닥,1549,261,1288,83.15,11.75
20230725,코스피,896,242,654,72.99,3.79
20230726,코스닥,1567,87,1480,94.45,49.14
20230726,코스피,926,51,875,94.49,27.97
20230727,코스닥,1539,1250,289,18.78,3.64
20230727,코스피,908,731,177,19.49,4.3
20230728,코스닥,1536,1307,229,14.91,0.72
20230728,코스피,891,639,252,28.28,1.23
20230731,코스닥,1510,1120,390,25.83,0.93
20230731,코스피,895,715,180,20.11,0.11
20230801,코스닥,1505,1017,488,32.43,1.13
20230801,코스피,888,630,258,29.05,1.69
20230802,코스닥,1544,336,1208,78.24,8.87
20230802,코스피,887,232,655,73.84,3.72
20230803,코스닥,1530,583,947,61.9,4.77
20230803,코스피,873,348,525,60.14,2.41
20230804,코스닥,1512,870,642,42.46,2.38
20230804,코스피,876,543,333,38.01,1.71
20230807,코스닥,1511,695,816,54.0,5.36
20230807,코스피,884,361,523,59.16,3.62
20230808,코스닥,1531,353,1178,76.94,6.4
20230808,코스피,898,253,645,71.83,3.9
20230809,코스닥,1518,1151,367,24.18,1.38
20230809,코스피,890,567,323,36.29,0.79
20230810,코스닥,1524,808,716,46.98,4.46
20230810,코스피,884,489,395,44.68,1.02
20230811,코스닥,1494,1010,484,32.4,1.54
20230811,코스피,891,565,326,36.59,1.23
20230814,코스닥,1535,439,1096,71.4,5.67
20230814,코스피,895,291,604,67.49,2.91
20230816,코스닥,1552,258,1294,83.38,15.98
20230816,코스피,916,136,780,85.15,8.84
20230817,코스닥,1536,579,957,62.3,6.97
20230817,코스피,888,239,649,73.09,4.39
20230818,코스닥,1521,562,959,63.05,5.33
20230818,코스피,883,360,523,59.23,2.27
20230821,코스닥,1497,804,693,46.29,3.14
20230821,코스피,894,459,435,48.66,1.57
20230822,코스닥,1511,565,946,62.61,3.51
20230822,코스피,875,376,499,57.03,2.17
20230823,코스닥,1505,639,866,57.54,3.99
20230823,코스피,873,368,505,57.85,2.06
20230824,코스닥,1515,1092,423,27.92,1.58
20230824,코스피,864,540,324,37.5,0.93
20230825,코스닥,1510,552,958,63.44,4.64
20230825,코스피,859,368,491,57.16,1.86
20230828,코스닥,1512,1076,436,28.84,2.05
20230828,코스피,883,728,155,17.55,1.02
20230829,코스닥,1516,1143,373,24.6,1.45
20230829,코스피,873,624,249,28.52,0.92
20230830,코스닥,1503,986,517,34.4,1.0
20230830,코스피,860,462,398,46.28,0.58
20230831,코스닥,1510,583,927,61.39,3.64
20230831,코스피,872,356,516,59.17,1.49
20230901,코스닥,1519,651,868,57.14,4.87
20230901,코스피,869,316,553,63.64,3.22
20230904,코스닥,1527,621,906,59.33,3.86
20230904,코스피,867,431,436,50.29,0.69
20230905,코스닥,1479,697,782,52.87,1.49
20230905,코스피,879,341,538,61.21,0.8
20230906,코스닥,1515,634,881,58.15,2.64
20230906,코스피,881,290,591,67.08,1.14
20230907,코스닥,1533,384,1149,74.95,4.96
20230907,코스피,886,187,699,78.89,3.39
20230908,코스닥,1500,866,634,42.27,2.93
20230908,코스피,879,611,268,30.49,0.57
20230911,코스닥,1516,797,719,47.43,2.57
20230911,코스피,867,508,359,41.41,0.92
20230912,코스닥,1527,455,1072,70.2,8.19
20230912,코스피,875,235,640,73.14,1.83
20230913,코스닥,1532,375,1157,75.52,7.11
20230913,코스피,875,322,553,63.2,2.74
20230914,코스닥,1508,1038,470,31.17,1.19
20230914,코스피,866,612,254,29.33,0.92
20230915,코스닥,1507,953,554,36.76,2.65
20230915,코스피,883,643,240,27.18,0.91
20230918,코스닥,1545,478,1067,69.06,4.92
20230918,코스피,881,330,551,62.54,1.14
20230919,코스닥,1526,373,1153,75.56,4.78
20230919,코스피,883,303,580,65.69,2.49
20230920,코스닥,1518,489,1029,67.79,3.75
20230920,코스피,874,353,521,59.61,1.72
20230921,코스닥,1563,173,1390,88.93,11.52
20230921,코스피,917,117,800,87.24,3.71
20230922,코스닥,1520,505,1015,66.78,5.26
20230922,코스피,885,289,596,67.34,2.82
20230925,코스닥,1538,301,1237,80.43,9.1
20230925,코스피,887,223,664,74.86,4.96
20230926,코스닥,1540,334,1206,78.31,6.1
20230926,코스피,892,151,741,83.07,4.15
20230927,코스닥,1534,1212,322,20.99,1.76
20230927,코스피,880,631,249,28.3,2.05
20231004,코스닥,1576,163,1413,89.66,25.95
20231004,코스피,913,78,835,91.46,14.68
20231005,코스닥,1529,483,1046,68.41,6.28
20231005,코스피,882,297,585,66.33,3.06
20231006,코스닥,1553,1302,251,16.16,0.84
20231006,코스피,876,655,221,25.23,0.57
20231010,코스닥,1560,304,1256,80.51,12.37
20231010,코스피,890,262,628,70.56,5.62
20231011,코스닥,1531,1314,217,14.17,0.59
20231011,코스피,894,714,180,20.13,0.11
20231012,코스닥,1538,1236,302,19.64,1.63
20231012,코스피,882,679,203,23.02,0.45
20231013,코스닥,1537,390,1147,74.63,6.12
20231013,코스피,874,280,594,67.96,2.86
20231016,코스닥,1546,288,1258,81.37,9.18
20231016,코스피,897,252,645,71.91,1.45
20231017,코스닥,1517,1138,379,24.98,1.38
20231017,코스피,866,583,283,32.68,1.15
20231018,코스닥,1533,398,1135,74.04,7.11
20231018,코스피,870,392,478,54.94,2.53
20231019,코스닥,1587,156,1431,90.17,18.15
20231019,코스피,907,95,812,89.53,7.94
20231020,코스닥,1574,277,1297,82.4,10.23
20231020,코스피,896,135,761,84.93,7.03
20231023,코스닥,1532,465,1067,69.65,6.27
20231023,코스피,882,286,596,67.57,4.2
20231024,코스닥,1566,1327,239,15.26,1.98
20231024,코스피,883,634,249,28.2,1.7
20231025,코스닥,1527,797,730,47.81,4.91
20231025,코스피,885,615,270,30.51,2.6
20231026,코스닥,1576,158,1418,89.97,18.46
20231026,코스피,917,81,836,91.17,10.36
20231027,코스닥,1518,737,781,51.45,3.36
20231027,코스피,869,448,421,48.45,1.15
20231030,코스닥,1524,1037,487,31.96,2.17
20231030,코스피,878,595,283,32.23,1.94
20231031,코스닥,1554,316,1238,79.67,10.17
20231031,코스피,896,252,644,71.88,5.69
20231101,코스닥,1542,1120,422,27.37,1.69
20231101,코스피,892,638,254,28.48,1.23
20231102,코스닥,1564,1374,190,12.15,1.15
20231102,코스피,904,695,209,23.12,1.66
20231103,코스닥,1549,1233,316,20.4,2.0
20231103,코스피,881,720,161,18.27,1.48
20231106,코스닥,1569,1253,316,20.14,1.78
20231106,코스피,897,744,153,17.06,0.78
20231107,코스닥,1548,427,1121,72.42,7.24
20231107,코스피,882,245,637,72.22,5.1
20231108,코스닥,1533,714,819,53.42,3.52
20231108,코스피,881,381,500,56.75,1.7
20231109,코스닥,1532,460,1072,69.97,4.57
20231109,코스피,880,434,446,50.68,1.02
20231110,코스닥,1558,378,1180,75.74,5.58
20231110,코스피,864,261,603,69.79,1.85
20231113,코스닥,1549,314,1235,79.73,9.36
20231113,코스피,878,285,593,67.54,2.85
20231114,코스닥,1565,1265,300,19.17,1.53
20231114,코스피,894,712,182,20.36,0.78
20231115,코스닥,1561,1267,294,18.83,1.22
20231115,코스피,895,752,143,15.98,1.34
20231116,코스닥,1545,1028,517,33.46,1.68
20231116,코스피,861,549,312,36.24,0.58
20231117,코스닥,1554,396,1158,74.52,6.76
20231117,코스피,886,270,616,69.53,3.16
20231120,코스닥,1548,1182,366,23.64,1.29
20231120,코스피,883,652,231,26.16,0.34
20231121,코스닥,1512,954,558,36.9,1.32
20231121,코스피,873,599,274,31.39,0.57
20231122,코스닥,1510,639,871,57.68,1.72
20231122,코스피,854,432,422,49.41,0.82
20231123,코스닥,1533,672,861,56.16,2.09
20231123,코스피,876,405,471,53.77,1.26
20231124,코스닥,1508,776,732,48.54,1.79
20231124,코스피,870,455,415,47.7,0.69
20231127,코스닥,1579,494,1085,68.71,5.0
20231127,코스피,879,350,529,60.18,2.39
20231128,코스닥,1551,660,891,57.45,3.03
20231128,코스피,879,458,421,47.9,0.68
20231129,코스닥,1535,567,968,63.06,3.13
20231129,코스피,875,274,601,68.69,2.51
20231130,코스닥,1527,946,581,38.05,2.36
20231130,코스피,887,564,323,36.41,0.45
20231201,코스닥,1541,683,858,55.68,3.37
20231201,코스피,879,387,492,55.97,1.93
20231204,코스닥,1547,647,900,58.18,5.11
20231204,코스피,874,461,413,47.25,2.75
20231205,코스닥,1572,385,1187,75.51,7.51
20231205,코스피,877,359,518,59.06,3.88
20231206,코스닥,1546,1027,519,33.57,1.23
20231206,코스피,875,502,373,42.63,1.49
20231207,코스닥,1539,488,1051,68.29,3.9
20231207,코스피,884,355,529,59.84,1.7
20231208,코스닥,1536,1072,464,30.21,0.98
20231208,코스피,882,542,340,38.55,2.04
20231211,코스닥,1545,910,635,41.1,2.85
20231211,코스피,858,482,376,43.82,1.75
20231212,코스닥,1537,778,759,49.38,2.99
20231212,코스피,867,410,457,52.71,2.54
20231213,코스닥,1566,409,1157,73.88,4.98
20231213,코스피,871,272,599,68.77,1.95
20231214,코스닥,1531,826,705,46.05,2.74
20231214,코스피,886,467,419,47.29,2.14
20231215,코스닥,1547,780,767,49.58,3.23
20231215,코스피,880,500,380,43.18,2.16
20231218,코스닥,1526,940,586,38.4,1.18
20231218,코스피,885,453,432,48.81,0.79
20231219,코스닥,1528,776,752,49.21,1.24
20231219,코스피,889,364,525,59.06,1.91
20231220,코스닥,1535,947,588,38.31,1.76
20231220,코스피,890,685,205,23.03,0.56
20231221,코스닥,1556,526,1030,66.2,3.86
20231221,코스피,878,260,618,70.39,1.71
20231222,코스닥,1545,676,869,56.25,3.43
20231222,코스피,866,435,431,49.77,2.19
20231226,코스닥,1566,473,1093,69.8,5.43
20231226,코스피,874,380,494,56.52,3.32
20231227,코스닥,1576,891,685,43.46,3.24
20231227,코스피,895,293,602,67.26,7.26
20231228,코스닥,1559,1127,432,27.71,1.15
20231228,코스피,893,683,210,23.52,0.56
20240102,코스닥,1569,1152,417,26.58,1.15
20240102,코스피,890,440,450,50.56,1.57
20240103,코스닥,1555,665,890,57.23,2.06
20240103,코스피,893,281,612,68.53,2.24
20240104,코스닥,1561,468,1093,70.02,6.47
20240104,코스피,896,279,617,68.86,2.34
20240105,코스닥,1534,835,699,45.57,1.63
20240105,코스피,862,343,519,60.21,1.97
20240108,코스닥,1545,842,703,45.5,1.17
20240108,코스피,862,358,504,58.47,1.62
20240109,코스닥,1549,1083,466,30.08,0.58
20240109,코스피,864,574,290,33.56,0.81
20240110,코스닥,1552,522,1030,66.37,5.03
20240110,코스피,877,337,540,61.57,1.25
20240111,코스닥,1534,926,608,39.63,1.63
20240111,코스피,880,438,442,50.23,0.8
20240112,코스닥,1573,338,1235,78.51,7.44
20240112,코스피,891,270,621,69.7,2.13
20240115,코스닥,1557,547,1010,64.87,3.66
20240115,코스피,884,307,577,65.27,1.58
20240116,코스닥,1557,453,1104,70.91,2.95
20240116,코스피,882,231,651,73.81,1.59
20240117,코스닥,1591,183,1408,88.5,11.13
20240117,코스피,924,72,852,92.21,5.19
20240118,코스닥,1555,992,563,36.21,1.67
20240118,코스피,870,422,448,51.49,1.03
20240119,코스닥,1548,1023,525,33.91,2.58
20240119,코스피,868,521,347,39.98,1.27
20240122,코스닥,1547,756,791,51.13,4.98
20240122,코스피,875,296,579,66.17,4.23
20240123,코스닥,1529,825,704,46.04,2.81
20240123,코스피,866,485,381,44.0,1.5
20240124,코스닥,1550,547,1003,64.71,4.32
20240124,코스피,884,272,612,69.23,2.26
20240125,코스닥,1556,377,1179,75.77,7.13
20240125,코스피,872,425,447,51.26,2.29
20240126,코스닥,1549,993,556,35.89,2.58
20240126,코스피,865,552,313,36.18,0.92
20240129,코스닥,1557,421,1136,72.96,10.66
20240129,코스피,889,527,362,40.72,2.59
20240130,코스닥,1520,682,838,55.13,3.82
20240130,코스피,883,497,386,43.71,2.15
20240131,코스닥,1570,334,1236,78.73,10.25
20240131,코스피,880,353,527,59.89,3.07
20240201,코스닥,1536,647,889,57.88,6.97
20240201,코스피,912,670,242,26.54,1.86
20240202,코스닥,1568,1184,384,24.49,1.28
20240202,코스피,895,713,182,20.34,0.78
20240205,코스닥,1545,586,959,62.07,4.21
20240205,코스피,897,437,460,51.28,2.68
20240206,코스닥,1554,549,1005,64.67,3.54
20240206,코스피,881,265,616,69.92,3.97
20240207,코스닥,1522,712,810,53.22,3.15
20240207,코스피,885,644,241,27.23,0.68
20240208,코스닥,1545,967,578,37.41,1.42
20240208,코스피,887,448,439,49.49,1.8
20240213,코스닥,1552,1174,378,24.36,1.16
20240213,코스피,886,599,287,32.39,0.9
20240214,코스닥,1538,1007,531,34.53,0.85
20240214,코스피,890,381,509,57.19,1.12
20240215,코스닥,1507,774,733,48.64,1.86
20240215,코스피,874,333,541,61.9,0.92
20240216,코스닥,1544,828,716,46.37,2.72
20240216,코스피,878,628,250,28.47,1.03
20240219,코스닥,1549,842,707,45.64,2.13
20240219,코스피,882,619,263,29.82,1.02
20240220,코스닥,1562,661,901,57.68,1.28
20240220,코스피,872,280,592,67.89,0.8
20240221,코스닥,1573,519,1054,67.01,3.69
20240221,코스피,871,317,554,63.61,1.61
20240222,코스닥,1555,699,856,55.05,1.86
20240222,코스피,861,351,510,59.23,0.93
20240223,코스닥,1563,489,1074,68.71,3.58
20240223,코스피,860,342,518,60.23,1.28
20240226,코스닥,1556,544,1012,65.04,2.63
20240226,코스피,893,233,660,73.91,4.59
20240227,코스닥,1591,299,1292,81.21,7.73
20240227,코스피,897,149,748,83.39,2.34
20240228,코스닥,1522,867,655,43.04,2.63
20240228,코스피,865,561,304,35.14,0.69
20240229,코스닥,1567,522,1045,66.69,4.4
20240229,코스피,892,344,548,61.43,1.91
20240304,코스닥,1562,758,804,51.47,2.82
20240304,코스피,883,437,446,50.51,1.59
20240305,코스닥,1582,461,1121,70.86,3.35
20240305,코스피,892,282,610,68.39,1.23
20240306,코스닥,1561,655,906,58.04,2.43
20240306,코스피,880,344,536,60.91,1.14
20240307,코스닥,1582,456,1126,71.18,4.8
20240307,코스피,892,299,593,66.48,1.79
20240308,코스닥,1554,879,675,43.44,2.51
20240308,코스피,875,523,352,40.23,0.57
20240311,코스닥,1575,771,804,51.05,3.3
20240311,코스피,875,357,518,59.2,1.37
20240312,코스닥,1552,733,819,52.77,2.58
20240312,코스피,864,368,496,57.41,0.81
20240313,코스닥,1551,795,756,48.74,2.19
20240313,코스피,878,447,431,49.09,0.34
20240314,코스닥,1553,635,918,59.11,3.22
20240314,코스피,878,511,367,41.8,0.91
20240315,코스닥,1546,569,977,63.2,3.82
20240315,코스피,875,326,549,62.74,2.06
20240318,코스닥,1545,873,672,43.5,1.1
20240318,코스피,876,435,441,50.34,1.03
20240319,코스닥,1553,485,1068,68.77,4.51
20240319,코스피,883,279,604,68.4,2.38
20240320,코스닥,1544,744,800,51.81,3.17
20240320,코스피,863,480,383,44.38,1.04
20240321,코스닥,1540,973,567,36.82,2.21
20240321,코스피,874,655,219,25.06,0.92
20240322,코스닥,1530,830,700,45.75,3.14
20240322,코스피,871,488,383,43.97,1.49
20240325,코스닥,1552,699,853,54.96,2.06
20240325,코스피,868,339,529,60.94,1.73
20240326,코스닥,1540,701,839,54.48,2.92
20240326,코스피,861,456,405,47.04,1.63
20240327,코스닥,1538,637,901,58.58,3.77
20240327,코스피,870,368,502,57.7,1.95
20240328,코스닥,1544,595,949,61.46,2.78
20240328,코스피,856,294,562,65.65,2.45
20240329,코스닥,1553,600,953,61.37,2.96
20240329,코스피,877,272,605,68.99,1.6
20240401,코스닥,1566,1109,457,29.18,1.92
20240401,코스피,873,577,296,33.91,1.15
20240402,코스닥,1580,348,1232,77.97,7.15
20240402,코스피,889,222,667,75.03,2.59
20240403,코스닥,1558,444,1114,71.5,4.94
20240403,코스피,883,246,637,72.14,2.6
20240404,코스닥,1540,705,835,54.22,2.4
20240404,코스피,886,418,468,52.82,0.79
20240405,코스닥,1557,456,1101,70.71,5.39
20240405,코스피,882,247,635,72.0,1.93
20240408,코스닥,1564,359,1205,77.05,8.06
20240408,코스피,871,278,593,68.08,1.72
20240409,코스닥,1524,671,853,55.97,3.22
20240409,코스피,863,371,492,57.01,1.16
20240411,코스닥,1533,547,986,64.32,3.72
20240411,코스피,881,271,610,69.24,3.06
20240412,코스닥,1530,794,736,48.1,1.63
20240412,코스피,880,371,509,57.84,1.82
20240415,코스닥,1554,406,1148,73.87,4.83
20240415,코스피,886,303,583,65.8,1.92
20240416,코스닥,1575,234,1341,85.14,11.3
20240416,코스피,900,125,775,86.11,5.67
20240417,코스닥,1510,842,668,44.24,1.59
20240417,코스피,866,409,457,52.77,1.5
20240418,코스닥,1549,1305,244,15.75,1.23
20240418,코스피,897,770,127,14.16,0.22
20240419,코스닥,1564,356,1208,77.24,8.25
20240419,코스피,872,240,632,72.48,2.75
20240422,코스닥,1539,849,690,44.83,3.64
20240422,코스피,890,663,227,25.51,2.47
20240423,코스닥,1517,720,797,52.54,1.65
20240423,코스피,878,472,406,46.24,0.68
20240424,코스닥,1539,1195,344,22.35,0.78
20240424,코스피,885,612,273,30.85,0.34
20240425,코스닥,1533,503,1030,67.19,3.85
20240425,코스피,852,361,491,57.63,2.46
20240426,코스닥,1515,737,778,51.35,1.58
20240426,코스피,870,461,409,47.01,0.57
20240429,코스닥,1513,1152,361,23.86,1.32
20240429,코스피,886,719,167,18.85,0.45
20240430,코스닥,1502,816,686,45.67,1.53
20240430,코스피,852,442,410,48.12,1.17
20240502,코스닥,1524,810,714,46.85,2.23
20240502,코스피,876,360,516,58.9,1.48
20240503,코스닥,1493,753,740,49.56,1.81
20240503,코스피,872,394,478,54.82,1.61
20240507,코스닥,1520,917,603,39.67,1.58
20240507,코스피,871,585,286,32.84,1.03
20240508,코스닥,1534,896,638,41.59,2.48
20240508,코스피,859,576,283,32.95,0.58
20240509,코스닥,1530,539,991,64.77,1.9
20240509,코스피,891,355,536,60.16,1.12
20240510,코스닥,1533,693,840,54.79,3.39
20240510,코스피,859,493,366,42.61,1.05
20240513,코스닥,1530,487,1043,68.17,3.53
20240513,코스피,866,380,486,56.12,1.15
20240514,코스닥,1534,1019,515,33.57,1.17
20240514,코스피,871,527,344,39.49,1.03
20240516,코스닥,1540,894,646,41.95,2.01
20240516,코스피,881,534,347,39.39,0.68
20240517,코스닥,1539,494,1045,67.9,4.87
20240517,코스피,884,307,577,65.27,3.51
20240520,코스닥,1546,502,1044,67.53,2.65
20240520,코스피,881,405,476,54.03,1.02
20240521,코스닥,1552,621,931,59.99,1.93
20240521,코스피,880,292,588,66.82,1.36
20240522,코스닥,1516,603,913,60.22,2.57
20240522,코스피,880,402,478,54.32,1.93
20240523,코스닥,1527,655,872,57.11,1.9
20240523,코스피,883,349,534,60.48,1.81
20240524,코스닥,1540,490,1050,68.18,3.18
20240524,코스피,885,264,621,70.17,1.24
20240527,코스닥,1536,686,850,55.34,2.34
20240527,코스피,868,425,443,51.04,0.69
20240528,코스닥,1529,790,739,48.33,1.11
20240528,코스피,873,406,467,53.49,1.37
20240529,코스닥,1579,399,1180,74.73,4.31
20240529,코스피,896,220,676,75.45,2.46
20240530,코스닥,1560,484,1076,68.97,4.94
20240530,코스피,882,199,683,77.44,2.61
20240531,코스닥,1529,775,754,49.31,1.9
20240531,코스피,869,534,335,38.55,0.46
20240603,코스닥,1539,1024,515,33.46,1.69
20240603,코스피,886,637,249,28.1,1.02
20240604,코스닥,1561,493,1068,68.42,4.42
20240604,코스피,873,228,645,73.88,4.35
20240605,코스닥,1531,628,903,58.98,3.2
20240605,코스피,865,421,444,51.33,2.43
20240607,코스닥,1528,794,734,48.04,2.36
20240607,코스피,865,463,402,46.47,2.31
20240610,코스닥,1550,699,851,54.9,1.61
20240610,코스피,879,379,500,56.88,0.91
20240611,코스닥,1542,609,933,60.51,3.24
20240611,코스피,864,351,513,59.38,1.27
20240612,코스닥,1537,855,682,44.37,2.34
20240612,코스피,877,502,375,42.76,0.91
20240613,코스닥,1536,713,823,53.58,1.17
20240613,코스피,860,396,464,53.95,1.4
20240614,코스닥,1557,487,1070,68.72,4.88
20240614,코스피,881,395,486,55.16,3.18
20240617,코스닥,1569,565,1004,63.99,4.02
20240617,코스피,886,362,524,59.14,2.48
20240618,코스닥,1557,622,935,60.05,2.31
20240618,코스피,877,378,499,56.9,1.25
20240619,코스닥,1544,598,946,61.27,3.43
20240619,코스피,881,342,539,61.18,3.18
20240620,코스닥,1542,700,842,54.6,2.66
20240620,코스피,870,499,371,42.64,1.38
20240621,코스닥,1569,369,1200,76.48,4.46
20240621,코스피,878,297,581,66.17,2.96
20240624,코스닥,1593,356,1237,77.65,6.53
20240624,코스피,875,235,640,73.14,4.57
20240625,코스닥,1553,822,731,47.07,2.12
20240625,코스피,872,497,375,43.0,0.92
20240626,코스닥,1559,743,816,52.34,2.37
20240626,코스피,870,355,515,59.2,0.8
20240627,코스닥,1558,490,1068,68.55,4.24
20240627,코스피,886,264,622,70.2,2.26
20240628,코스닥,1552,871,681,43.88,2.32
20240628,코스피,877,581,296,33.75,1.25
20240701,코스닥,1564,862,702,44.88,3.96
20240701,코스피,875,381,494,56.46,4.57
20240702,코스닥,1586,337,1249,78.75,7.0
20240702,코스피,891,197,694,77.89,3.48
20240703,코스닥,1580,429,1151,72.85,3.99
20240703,코스피,860,271,589,68.49,2.67
20240704,코스닥,1548,667,881,56.91,2.65
20240704,코스피,875,486,389,44.46,1.26
20240705,코스닥,1553,696,857,55.18,3.67
20240705,코스피,863,400,463,53.65,0.81
20240708,코스닥,1563,1121,442,28.28,1.98
20240708,코스피,867,519,348,40.14,1.04
20240709,코스닥,1546,839,707,45.73,1.62
20240709,코스피,864,455,409,47.34,0.93
20240710,코스닥,1532,744,788,51.44,1.96
20240710,코스피,860,426,434,50.47,0.81
20240711,코스닥,1538,669,869,56.5,3.25
20240711,코스피,856,441,415,48.48,0.82
20240712,코스닥,1547,664,883,57.08,3.3
20240712,코스피,863,430,433,50.17,2.2
20240715,코스닥,1550,845,705,45.48,1.35
20240715,코스피,877,495,382,43.56,0.68
20240716,코스닥,1560,518,1042,66.79,3.4
20240716,코스피,859,359,500,58.21,3.26
20240717,코스닥,1560,557,1003,64.29,5.96
20240717,코스피,874,412,462,52.86,2.97
20240718,코스닥,1575,362,1213,77.02,5.27
20240718,코스피,882,277,605,68.59,2.61
20240719,코스닥,1575,762,813,51.62,2.35
20240719,코스피,880,305,575,65.34,1.59
20240722,코스닥,1595,375,1220,76.49,8.4
20240722,코스피,888,212,676,76.13,4.73
20240723,코스닥,1557,691,866,55.62,2.25
20240723,코스피,864,367,497,57.52,1.27
20240724,코스닥,1550,701,849,54.77,3.55
20240724,코스피,861,370,491,57.03,2.44
20240725,코스닥,1587,297,1290,81.29,7.37
20240725,코스피,892,160,732,82.06,5.16
20240726,코스닥,1549,832,717,46.29,1.55
20240726,코스피,885,596,289,32.66,1.24
20240729,코스닥,1557,1000,557,35.77,2.57
20240729,코스피,880,634,246,27.95,0.68
20240730,코스닥,1588,412,1176,74.06,4.85
20240730,코스피,894,227,667,74.61,2.8
20240731,코스닥,1553,830,723,46.56,3.16
20240731,코스피,893,589,304,34.04,1.9
20240801,코스닥,1573,1186,387,24.6,0.83
20240801,코스피,884,633,251,28.39,0.45
20240802,코스닥,1623,147,1476,90.94,27.73
20240802,코스피,931,60,871,93.56,14.93
20240805,코스닥,1656,23,1633,98.61,88.04
20240805,코스피,934,10,924,98.93,82.76
20240806,코스닥,1635,1517,118,7.22,0.73
20240806,코스피,929,856,73,7.86,0.43
20240807,코스닥,1595,1305,290,18.18,0.82
20240807,코스피,906,730,176,19.43,1.32
20240808,코스닥,1580,634,946,59.87,4.3
20240808,코스피,892,424,468,52.47,2.91
20240809,코스닥,1603,1371,232,14.47,0.62
20240809,코스피,905,703,202,22.32,0.99
20240812,코스닥,1578,1200,378,23.95,1.77
20240812,코스피,881,677,204,23.16,1.02
20240813,코스닥,1558,487,1071,68.74,6.68
20240813,코스피,888,325,563,63.4,2.82
20240814,코스닥,1568,1171,397,25.32,1.4
20240814,코스피,888,652,236,26.58,1.13
20240816,코스닥,1556,864,692,44.47,3.79
20240816,코스피,890,476,414,46.52,2.7
20240819,코스닥,1611,506,1105,68.59,6.58
20240819,코스피,883,347,536,60.7,2.83
20240820,코스닥,1580,1161,419,26.52,1.84
20240820,코스피,894,649,245,27.4,1.12
20240821,코스닥,1567,552,1015,64.77,5.62
20240821,코스피,859,408,451,52.5,2.56
20240822,코스닥,1577,363,1214,76.98,5.96
20240822,코스피,884,285,599,67.76,1.7
20240823,코스닥,1563,529,1034,66.15,2.43
20240823,코스피,861,429,432,50.17,1.39
20240826,코스닥,1585,411,1174,74.07,4.61
20240826,코스피,887,378,509,57.38,1.69
20240827,코스닥,1561,751,810,51.89,2.24
20240827,코스피,861,437,424,49.25,0.81
20240828,코스닥,1583,560,1023,64.62,3.54
20240828,코스피,888,260,628,70.72,1.69
20240829,코스닥,1592,413,1179,74.06,6.22
20240829,코스피,875,283,592,67.66,2.86
20240830,코스닥,1554,1148,406,26.13,1.54
20240830,코스피,876,583,293,33.45,0.68
20240902,코스닥,1569,597,972,61.95,3.25
20240902,코스피,863,327,536,62.11,0.93
20240903,코스닥,1564,570,994,63.55,3.52
20240903,코스피,878,458,420,47.84,0.68
20240904,코스닥,1627,120,1507,92.62,23.42
20240904,코스피,914,52,862,94.31,9.74
20240905,코스닥,1570,561,1009,64.27,5.67
20240905,코스피,881,358,523,59.36,2.16
20240906,코스닥,1596,209,1387,86.9,13.03
20240906,코스피,902,138,764,84.7,4.77
20240909,코스닥,1574,970,604,38.37,1.97
20240909,코스피,878,504,374,42.6,1.14
20240910,코스닥,1594,456,1138,71.39,4.83
20240910,코스피,878,343,535,60.93,2.51
20240911,코스닥,1552,659,893,57.54,3.74
20240911,코스피,874,345,529,60.53,3.09
20240912,코스닥,1612,1429,183,11.35,0.56
20240912,코스피,893,766,127,14.22,0.22
20240913,코스닥,1561,830,731,46.83,1.86
20240913,코스피,873,602,271,31.04,0.92
20240919,코스닥,1571,732,839,53.41,2.04
20240919,코스피,871,497,374,42.94,1.26
20240920,코스닥,1567,997,570,36.38,1.72
20240920,코스피,886,567,319,36.0,1.24
20240923,코스닥,1569,780,789,50.29,3.31
20240923,코스피,888,437,451,50.79,2.25
20240924,코스닥,1545,1087,458,29.64,1.04
20240924,코스피,873,608,265,30.36,0.8
20240925,코스닥,1568,779,789,50.32,3.38
20240925,코스피,875,356,519,59.31,3.66
20240926,코스닥,1593,1298,295,18.52,1.13
20240926,코스피,891,750,141,15.82,0.9
20240927,코스닥,1564,705,859,54.92,3.64
20240927,코스피,875,417,458,52.34,2.17
20240930,코스닥,1617,357,1260,77.92,4.21
20240930,코스피,893,182,711,79.62,2.24
20241002,코스닥,1597,396,1201,75.2,3.32
20241002,코스피,887,181,706,79.59,2.71
20241004,코스닥,1571,791,780,49.65,2.04
20241004,코스피,878,464,414,47.15,1.37
20241007,코스닥,1577,1117,460,29.17,1.01
20241007,코스피,882,621,261,29.59,0.34
20241008,코스닥,1571,546,1025,65.25,2.23
20241008,코스피,878,306,572,65.15,1.48
20241010,코스닥,1567,548,1019,65.03,2.68
20241010,코스피,870,442,428,49.2,1.38
20241011,코스닥,1575,588,987,62.67,4.0
20241011,코스피,858,369,489,56.99,2.1
20241014,코스닥,1556,793,763,49.04,2.38
20241014,코스피,885,487,398,44.97,1.02
20241015,코스닥,1553,772,781,50.29,2.83
20241015,코스피,867,419,448,51.67,1.5
20241016,코스닥,1583,471,1112,70.25,3.92
20241016,코스피,879,324,555,63.14,1.25
20241017,코스닥,1558,633,925,59.37,2.89
20241017,코스피,874,359,515,58.92,1.26
20241018,코스닥,1583,415,1168,73.78,5.81
20241018,코스피,861,269,592,68.76,1.63
20241021,코스닥,1556,807,749,48.14,2.06
20241021,코스피,865,436,429,49.6,1.16
20241022,코스닥,1602,242,1360,84.89,11.55
20241022,코스피,888,196,692,77.93,2.7
20241023,코스닥,1571,950,621,39.53,2.36
20241023,코스피,861,450,411,47.74,0.93
20241024,코스닥,1604,389,1215,75.75,4.93
20241024,코스피,874,257,617,70.59,1.49
20241025,코스닥,1605,440,1165,72.59,5.48
20241025,코스피,881,261,620,70.37,2.16
20241028,코스닥,1603,1116,487,30.38,2.0
20241028,코스피,891,617,274,30.75,1.57
20241029,코스닥,1560,797,763,48.91,2.05
20241029,코스피,854,409,445,52.11,1.52
20241030,코스닥,1580,652,928,58.73,3.48
20241030,코스피,868,352,516,59.45,2.42
20241031,코스닥,1558,881,677,43.45,3.08
20241031,코스피,878,474,404,46.01,2.85
20241101,코스닥,1580,395,1185,75.0,6.14
20241101,코스피,891,290,601,67.45,2.69
20241104,코스닥,1589,1233,356,22.4,1.32
20241104,코스피,878,622,256,29.16,0.91
20241105,코스닥,1579,942,637,40.34,2.53
20241105,코스피,874,515,359,41.08,1.26
20241106,코스닥,1607,497,1110,69.07,7.72
20241106,코스피,880,323,557,63.3,4.2
20241107,코스닥,1578,527,1051,66.6,5.51
20241107,코스피,868,355,513,59.1,2.88
20241108,코스닥,1572,865,707,44.97,1.97
20241108,코스피,861,391,470,54.59,1.86
20241111,코스닥,1622,291,1331,82.06,16.71
20241111,코스피,918,188,730,79.52,7.95
20241112,코스닥,1648,185,1463,88.77,25.55
20241112,코스피,912,121,791,86.73,9.32
20241113,코스닥,1634,224,1410,86.29,18.6
20241113,코스피,910,107,803,88.24,11.98
20241114,코스닥,1606,541,1065,66.31,10.15
20241114,코스피,882,430,452,51.25,4.42
20241115,코스닥,1617,953,664,41.06,5.75
20241115,코스피,899,508,391,43.49,5.01
20241118,코스닥,1612,1018,594,36.85,4.28
20241118,코스피,901,617,284,31.52,2.44
20241119,코스닥,1580,821,759,48.04,3.54
20241119,코스피,872,460,412,47.25,2.29
20241120,코스닥,1588,616,972,61.21,4.35
20241120,코스피,859,437,422,49.13,1.4
20241121,코스닥,1597,568,1029,64.43,4.57
20241121,코스피,873,394,479,54.87,3.21
20241122,코스닥,1579,820,759,48.07,3.23
20241122,코스피,875,518,357,40.8,1.49
20241125,코스닥,1613,1222,391,24.24,1.86
20241125,코스피,896,610,286,31.92,3.12
20241126,코스닥,1566,912,654,41.76,2.36
20241126,코스피,878,487,391,44.53,2.62
20241127,코스닥,1604,646,958,59.73,3.37
20241127,코스피,893,375,518,58.01,3.02
20241128,코스닥,1589,740,849,53.43,2.83
20241128,코스피,880,517,363,41.25,1.82
20241129,코스닥,1621,324,1297,80.01,7.71
20241129,코스피,897,171,726,80.94,5.13
20241202,코스닥,1621,371,1250,77.11,8.64
20241202,코스피,895,217,678,75.75,4.25
20241203,코스닥,1594,1129,465,29.17,1.19
20241203,코스피,901,735,166,18.42,1.11
20241204,코스닥,1636,308,1328,81.17,11.55
20241204,코스피,913,176,737,80.72,5.81
20241205,코스닥,1614,436,1178,72.99,9.48
20241205,코스피,904,177,727,80.42,7.08
20241206,코스닥,1632,332,1300,79.66,14.15
20241206,코스피,910,250,660,72.53,5.82
20241209,코스닥,1669,117,1552,92.99,61.23
20241209,코스피,930,60,870,93.55,39.14
20241210,코스닥,1666,1591,75,4.5,0.36
20241210,코스피,926,878,48,5.18,0.32
20241211,코스닥,1653,1466,187,11.31,1.51
20241211,코스피,914,812,102,11.16,0.98
20241212,코스닥,1599,974,625,39.09,3.63
20241212,코스피,898,618,280,31.18,2.67
20241213,코스닥,1608,1251,357,22.2,1.68
20241213,코스피,890,635,255,28.65,1.01
20241216,코스닥,1596,1112,484,30.33,3.26
20241216,코스피,888,491,397,44.71,3.6
20241217,코스닥,1604,761,843,52.56,4.49
20241217,코스피,882,386,496,56.24,2.61
20241218,코스닥,1593,938,655,41.12,2.01
20241218,코스피,889,583,306,34.42,0.67
20241219,코스닥,1617,371,1246,77.06,6.8
20241219,코스피,898,214,684,76.17,3.34
20241220,코스닥,1647,261,1386,84.15,13.18
20241220,코스피,912,205,707,77.52,5.48
20241223,코스닥,1631,1145,486,29.8,1.9
20241223,코스피,906,719,187,20.64,0.88
20241224,코스닥,1607,602,1005,62.54,3.61
20241224,코스피,877,392,485,55.3,1.14
20241226,코스닥,1644,494,1150,69.95,4.32
20241226,코스피,894,302,592,66.22,1.45
20241227,코스닥,1635,344,1291,78.96,8.01
20241227,코스피,923,115,808,87.54,7.15
20241230,코스닥,1626,1139,487,29.95,1.23
20241230,코스피,887,442,445,50.17,1.92
20250102,코스닥,1641,1195,446,27.18,1.28
20250102,코스피,882,455,427,48.41,1.47
20250103,코스닥,1629,1285,344,21.12,2.09
20250103,코스피,897,691,206,22.97,0.89
20250106,코스닥,1631,1268,363,22.26,1.78
20250106,코스피,889,630,259,29.13,1.24
20250107,코스닥,1606,685,921,57.35,2.3
20250107,코스피,874,446,428,48.97,0.34
20250108,코스닥,1598,835,763,47.75,2.94
20250108,코스피,871,460,411,47.19,0.46
20250109,코스닥,1571,681,890,56.65,3.44
20250109,코스피,885,364,521,58.87,0.79
20250110,코스닥,1600,738,862,53.87,2.19
20250110,코스피,873,464,409,46.85,1.15
20250113,코스닥,1632,367,1265,77.51,5.15
20250113,코스피,902,262,640,70.95,1.66
20250114,코스피,877,513,364,41.51,1.71
20250115,코스피,867,270,597,68.86,1.61
20250116,코스닥,1638,1023,615,37.55,4.4
20250116,코스피,881,600,281,31.9,0.79
20250117,코스닥,1588,673,915,57.62,3.59
20250117,코스피,883,435,448,50.74,1.36
20250120,코스닥,1604,674,930,57.98,2.93
20250120,코스피,880,389,491,55.8,2.39
20250121,코스닥,1611,695,916,56.86,4.59
20250121,코스피,875,388,487,55.66,3.31
20250122,코스닥,1603,748,855,53.34,1.75
20250122,코스피,886,403,483,54.51,1.13
20250123,코스닥,1630,381,1249,76.63,6.07
20250123,코스피,891,191,700,78.56,3.25
20250124,코스닥,1574,904,670,42.57,2.8
20250124,코스피,868,545,323,37.21,1.27
20250131,코스닥,1620,577,1043,64.38,8.09
20250131,코스피,898,335,563,62.69,6.01
20250203,코스닥,1660,261,1399,84.28,20.9
20250203,코스피,921,96,825,89.58,12.38
20250204,코스닥,1639,1328,311,18.97,0.92
20250204,코스피,902,693,209,23.17,0.44
20250205,코스닥,1636,1144,492,30.07,1.83
20250205,코스피,892,590,302,33.86,0.78
20250206,코스닥,1603,954,649,40.49,2.0
20250206,코스피,881,599,282,32.01,1.02
20250207,코스닥,1617,651,966,59.74,3.96
20250207,코스피,892,291,601,67.38,3.25
20250210,코스닥,1619,945,674,41.63,1.54
20250210,코스피,874,416,458,52.4,1.37
20250211,코스닥,1586,741,845,53.28,2.71
20250211,코스피,882,472,410,46.49,1.25
20250212,코스닥,1617,555,1062,65.68,5.13
20250212,코스피,888,333,555,62.5,1.8
20250213,코스닥,1599,914,685,42.84,1.88
20250213,코스피,885,573,312,35.25,0.23
20250214,코스닥,1595,767,828,51.91,2.82
20250214,코스피,865,498,367,42.43,1.85
20250217,코스닥,1613,1099,514,31.87,1.43
20250217,코스피,887,620,267,30.1,0.56
20250218,코스닥,1590,900,690,43.4,1.01
20250218,코스피,878,480,398,45.33,0.8
20250219,코스닥,1614,968,646,40.02,3.16
20250219,코스피,881,575,306,34.73,0.57
20250220,코스닥,1621,604,1017,62.74,6.72
20250220,코스피,869,452,417,47.99,3.34
20250221,코스닥,1590,860,730,45.91,2.33
20250221,코스피,881,510,371,42.11,1.02
20250224,코스닥,1623,733,890,54.84,4.44
20250224,코스피,874,451,423,48.4,1.83
20250225,코스닥,1607,596,1011,62.91,3.73
20250225,코스피,890,360,530,59.55,2.13
20250226,코스닥,1566,835,731,46.68,2.36
20250226,코스피,882,545,337,38.21,1.02
20250227,코스닥,1609,508,1101,68.43,3.73
20250227,코스피,888,322,566,63.74,2.03
20250228,코스닥,1650,244,1406,85.21,12.91
20250228,코스피,931,95,836,89.8,8.92
20250304,코스닥,1632,468,1164,71.32,7.23
20250304,코스피,905,311,594,65.64,4.86
20250305,코스닥,1627,1161,466,28.64,1.97
20250305,코스피,896,716,180,20.09,0.56
20250306,코스닥,1596,563,1033,64.72,5.26
20250306,코스피,881,486,395,44.84,2.04
20250307,코스닥,1613,517,1096,67.95,6.51
20250307,코스피,893,351,542,60.69,2.69
20250310,코스닥,1600,676,924,57.75,2.62
20250310,코스피,877,408,469,53.48,1.25
20250311,코스닥,1628,459,1169,71.81,1.97
20250311,코스피,914,181,733,80.2,1.53
20250312,코스닥,1611,1079,532,33.02,1.99
20250312,코스피,865,511,354,40.92,1.85
20250313,코스닥,1616,531,1085,67.14,3.16
20250313,코스피,873,332,541,61.97,1.49
20250314,코스닥,1586,1106,480,30.26,1.39
20250314,코스피,868,509,359,41.36,0.69
20250317,코스닥,1607,857,750,46.67,2.24
20250317,코스피,887,529,358,40.36,1.24
20250318,코스닥,1599,733,866,54.16,1.38
20250318,코스피,869,436,433,49.83,0.92
20250319,코스닥,1574,688,886,56.29,4.07
20250319,코스피,877,506,371,42.3,2.51
20250320,코스닥,1612,451,1161,72.02,6.7
20250320,코스피,879,334,545,62.0,3.53
20250321,코스닥,1622,567,1055,65.04,5.73
20250321,코스피,883,317,566,64.1,2.83
20250324,코스닥,1604,738,866,53.99,3.93
20250324,코스피,869,406,463,53.28,1.38
20250325,코스닥,1631,505,1126,69.04,6.07
20250325,코스피,884,305,579,65.5,3.51
20250326,코스닥,1590,912,678,42.64,2.64
20250326,코스피,875,457,418,47.77,2.4
20250327,코스닥,1628,459,1169,71.81,4.67
20250327,코스피,893,282,611,68.42,3.81
20250328,코스닥,1643,336,1307,79.55,8.34
20250328,코스피,900,170,730,81.11,5.67
20250331,코스닥,1662,213,1449,87.18,16.85
20250331,코스피,914,88,826,90.37,9.96
20250401,코스닥,1652,1420,232,14.04,1.09
20250401,코스피,898,716,182,20.27,0.67
20250402,코스닥,1623,514,1109,68.33,4.56
20250402,코스피,871,276,595,68.31,2.87
20250403,코스닥,1600,584,1016,63.5,3.0
20250403,코스피,886,277,609,68.74,3.16
20250404,코스닥,1631,986,645,39.55,4.29
20250404,코스피,892,562,330,37.0,3.25
20250407,코스닥,1686,191,1495,88.67,45.2
20250407,코스피,934,68,866,92.72,35.55
20250408,코스닥,1624,1075,549,33.81,2.28
20250408,코스피,891,548,343,38.5,1.01
20250409,코스닥,1653,311,1342,81.19,12.16
20250409,코스피,907,145,762,84.01,6.95
20250410,코스닥,1674,1577,97,5.79,0.6
20250410,코스피,924,877,47,5.09,0.22
20250411,코스닥,1628,1233,395,24.26,2.7
20250411,코스피,880,537,343,38.98,3.07
20250414,코스닥,1622,1278,344,21.21,1.42
20250414,코스피,892,637,255,28.59,1.23
20250415,코스닥,1604,1118,486,30.3,2.31
20250415,코스피,890,709,181,20.34,0.56
20250416,코스닥,1612,440,1172,72.7,6.51
20250416,코스피,879,302,577,65.64,4.1
20250417,코스닥,1609,1202,407,25.3,1.93
20250417,코스피,866,641,225,25.98,1.85
20250418,코스닥,1603,988,615,38.37,1.37
20250418,코스피,869,621,248,28.54,1.38
20250421,코스닥,1587,714,873,55.01,2.46
20250421,코스피,873,500,373,42.73,1.15
20250422,코스닥,1596,691,905,56.7,4.76
20250422,코스피,878,462,416,47.38,2.73
20250423,코스닥,1598,1079,519,32.48,4.82
20250423,코스피,884,629,255,28.85,1.92
20250424,코스닥,1598,703,895,56.01,3.07
20250424,코스피,862,404,458,53.13,1.51
20250425,코스닥,1595,1020,575,36.05,2.63
20250425,코스피,886,646,240,27.09,2.03
20250428,코스닥,1609,453,1156,71.85,8.08
20250428,코스피,889,367,522,58.72,3.6
20250429,코스닥,1605,1056,549,34.21,2.93
20250429,코스피,898,660,238,26.5,1.89
20250430,코스닥,1611,437,1174,72.87,5.34
20250430,코스피,896,345,551,61.5,3.35
20250502,코스닥,1606,753,853,53.11,4.3
20250502,코스피,872,420,452,51.83,2.41
20250507,코스닥,1618,952,666,41.16,2.72
20250507,코스피,878,461,417,47.49,3.3
20250508,코스닥,1593,1033,560,35.15,2.45
20250508,코스피,874,532,342,39.13,1.49
20250509,코스닥,1603,539,1064,66.38,3.99
20250509,코스피,892,355,537,60.2,3.03
20250512,코스닥,1635,1096,539,32.97,3.49
20250512,코스피,901,661,240,26.64,3.33
20250513,코스닥,1594,861,733,45.98,2.95
20250513,코스피,872,452,420,48.17,2.41
20250514,코스닥,1610,1041,569,35.34,1.68
20250514,코스피,883,590,293,33.18,1.47
20250515,코스닥,1619,520,1099,67.88,5.13
20250515,코스피,891,298,593,66.55,3.37
20250516,코스닥,1644,474,1170,71.17,8.27
20250516,코스피,898,317,581,64.7,3.23
20250519,코스닥,1647,447,1200,72.86,9.11
20250519,코스피,886,240,646,72.91,3.61
20250520,코스닥,1613,953,660,40.92,2.67
20250520,코스피,891,554,337,37.82,1.23
20250521,코스닥,1610,984,626,38.88,1.43
20250521,코스피,875,540,335,38.29,1.14
20250522,코스닥,1626,507,1119,68.82,4.8
20250522,코스피,892,257,635,71.19,2.69
20250523,코스닥,1626,612,1014,62.36,4.06
20250523,코스피,892,494,398,44.62,1.68
20250526,코스닥,1605,946,659,41.06,2.93
20250526,코스피,897,637,260,28.99,1.34
20250527,코스닥,1614,607,1007,62.39,2.04
20250527,코스피,878,361,517,58.88,1.37
20250528,코스닥,1607,995,612,38.08,3.8
20250528,코스피,891,579,312,35.02,2.24
20250529,코스닥,1616,1115,501,31.0,0.93
20250529,코스피,904,751,153,16.92,0.22
20250530,코스닥,1608,625,983,61.13,2.8
20250530,코스피,886,396,490,55.3,2.82
20250602,코스닥,1609,845,764,47.48,2.3
20250602,코스피,896,371,525,58.59,2.12
20250604,코스닥,1630,1212,418,25.64,2.58
20250604,코스피,920,800,120,13.04,0.98
20250605,코스닥,1616,1003,613,37.93,1.61
20250605,코스피,886,572,314,35.44,0.56
20250609,코스닥,1641,1088,553,33.7,2.38
20250609,코스피,904,699,205,22.68,0.88
20250610,코스닥,1628,785,843,51.78,2.15
20250610,코스피,894,431,463,51.79,2.13
20250611,코스닥,1607,1093,514,31.99,0.56
20250611,코스피,885,601,284,32.09,0.56
20250612,코스닥,1606,756,850,52.93,1.87
20250612,코스피,896,521,375,41.85,0.56
20250613,코스닥,1669,254,1415,84.78,9.11
20250613,코스피,917,150,767,83.64,6.11
20250616,코스닥,1626,890,736,45.26,2.09
20250616,코스피,901,621,280,31.08,1.78
20250617,코스닥,1609,655,954,59.29,2.61
20250617,코스피,888,324,564,63.51,2.36
20250618,코스닥,1613,897,716,44.39,1.55
20250618,코스피,886,428,458,51.69,0.9
20250619,코스닥,1602,712,890,55.56,2.56
20250619,코스피,875,432,443,50.63,1.49
20250620,코스닥,1612,942,670,41.56,1.8
20250620,코스피,880,489,391,44.43,2.05
20250623,코스닥,1666,392,1274,76.47,3.66
20250623,코스피,914,267,647,70.79,1.75
20250624,코스닥,1640,1290,350,21.34,1.95
20250624,코스피,906,767,139,15.34,2.1
20250625,코스닥,1605,697,908,56.57,3.74
20250625,코스피,890,468,422,47.42,2.13
20250626,코스닥,1640,341,1299,79.21,5.61
20250626,코스피,908,181,727,80.07,3.52
20250627,코스닥,1634,449,1185,72.52,3.55
20250627,코스피,908,247,661,72.8,2.09
20250630,코스닥,1614,703,911,56.44,3.35
20250630,코스피,887,489,398,44.87,1.35
20250701,코스닥,1613,977,636,39.43,2.29
20250701,코스피,894,709,185,20.69,1.34
20250702,코스닥,1590,581,1009,63.46,3.27
20250702,코스피,887,454,433,48.82,2.48
20250703,코스닥,1635,1185,450,27.52,1.53
20250703,코스피,893,610,283,31.69,2.13
20250704,코스닥,1631,347,1284,78.72,4.54
20250704,코스피,902,161,741,82.15,6.98
20250707,코스닥,1618,627,991,61.25,3.09
20250707,코스피,890,429,461,51.8,1.24
20250708,코스닥,1602,972,630,39.33,1.5
20250708,코스피,886,645,241,27.2,0.34
20250709,코스닥,1631,998,633,38.81,0.86
20250709,코스피,900,701,199,22.11,0.44
20250710,코스닥,1598,916,682,42.68,1.19
20250710,코스피,887,599,288,32.47,0.45
20250711,코스닥,1576,863,713,45.24,0.95
20250711,코스피,887,476,411,46.34,2.03
20250714,코스닥,1611,670,941,58.41,2.55
20250714,코스피,893,530,363,40.65,0.67
20250715,코스닥,1594,830,764,47.93,2.01
20250715,코스피,878,365,513,58.43,0.57
20250716,코스닥,1640,546,1094,66.71,1.52
20250716,코스피,897,191,706,78.71,2.23
20250717,코스닥,1598,845,753,47.12,2.25
20250717,코스피,864,391,473,54.75,1.16
20250718,코스닥,1615,644,971,60.12,2.17
20250718,코스피,896,305,591,65.96,2.01
20250721,코스닥,1624,823,801,49.32,2.09
20250721,코스피,882,391,491,55.67,1.47
20250722,코스닥,1642,394,1248,76.0,3.17
20250722,코스피,897,210,687,76.59,1.45
20250723,코스닥,1628,579,1049,64.43,2.4
20250723,코스피,891,391,500,56.12,1.23
20250724,코스닥,1649,413,1236,74.95,2.79
20250724,코스피,902,193,709,78.6,1.88
20250725,코스닥,1602,652,950,59.3,1.75
20250725,코스피,878,374,504,57.4,1.03
20250728,코스닥,1628,491,1137,69.84,3.62
20250728,코스피,905,180,725,80.11,4.97
20250729,코스닥,1595,743,852,53.42,1.38
20250729,코스피,880,469,411,46.7,0.0
20250730,코스닥,1612,845,767,47.58,2.61
20250730,코스피,884,476,408,46.15,1.36
20250731,코스닥,1604,836,768,47.88,2.74
20250731,코스피,874,406,468,53.55,2.17
20250801,코스닥,1685,152,1533,90.98,20.42
20250801,코스피,922,37,885,95.99,18.11
20250804,코스닥,1622,1173,449,27.68,1.42
20250804,코스피,890,678,212,23.82,0.45
20250805,코스닥,1611,1185,426,26.44,1.3
20250805,코스피,877,687,190,21.66,0.23
20250806,코스닥,1581,991,590,37.32,1.08
20250806,코스피,884,647,237,26.81,0.57
20250807,코스닥,1590,859,731,45.97,1.19
20250807,코스피,868,459,409,47.12,0.69
20250808,코스닥,1600,815,785,49.06,1.0
20250808,코스피,874,386,488,55.84,1.26
20250811,코스닥,1642,693,949,57.8,2.01
20250811,코스피,880,299,581,66.02,2.27
20250812,코스닥,1607,591,1016,63.22,2.05
20250812,코스피,893,345,548,61.37,1.46
20250813,코스닥,1626,879,747,45.94,2.77
20250813,코스피,883,413,470,53.23,1.47
20250814,코스닥,1614,736,878,54.4,2.73
20250814,코스피,877,379,498,56.78,1.25
20250818,코스닥,1651,371,1280,77.53,8.3
20250818,코스피,899,198,701,77.98,4.0
20250819,코스닥,1623,413,1210,74.55,4.25
20250819,코스피,884,271,613,69.34,3.05
20250820,코스닥,1632,370,1262,77.33,3.55
20250820,코스피,888,243,645,72.64,1.35
20250821,코스닥,1596,825,771,48.31,1.69
20250821,코스피,878,517,361,41.12,0.46
20250822,코스닥,1585,881,704,44.42,1.2
20250822,코스피,874,462,412,47.14,0.57
20250825,코스닥,1626,1154,472,29.03,0.92
20250825,코스피,873,602,271,31.04,0.23
20250826,코스닥,1597,666,931,58.3,2.0
20250826,코스피,865,322,543,62.77,1.27
20250827,코스닥,1615,640,975,60.37,1.36
20250827,코스피,859,336,523,60.88,0.81
20250828,코스닥,1610,729,881,54.72,1.93
20250828,코스피,866,483,383,44.23,0.81
20250829,코스닥,1625,585,1040,64.0,2.03
20250829,코스피,882,301,581,65.87,1.13
20250901,코스닥,1657,338,1319,79.6,6.64
20250901,코스피,897,201,696,77.59,1.67
20250902,코스닥,1629,1056,573,35.17,1.41
20250902,코스피,864,486,378,43.75,0.46
20250903,코스닥,1595,864,731,45.83,0.69
20250903,코스피,874,503,371,42.45,0.46
20250904,코스닥,1631,1171,460,28.2,0.98
20250904,코스피,859,609,250,29.1,0.58
20250905,코스닥,1597,872,725,45.4,1.13
20250905,코스피,855,451,404,47.25,0.35
20250908,코스닥,1617,946,671,41.5,1.24
20250908,코스피,868,543,325,37.44,0.46
20250909,코스닥,1596,948,648,40.6,1.32
20250909,코스피,879,590,289,32.88,1.25
20250910,코스닥,1592,1088,504,31.66,0.63
20250910,코스피,882,637,245,27.78,0.57
20250911,코스닥,1588,733,855,53.84,1.26
20250911,코스피,869,463,406,46.72,0.58
20250912,코스닥,1619,1054,565,34.9,1.98
20250912,코스피,868,524,344,39.63,1.27
20250915,코스닥,1631,749,882,54.08,2.21
20250915,코스피,882,483,399,45.24,0.79
20250916,코스닥,1630,690,940,57.67,3.07
20250916,코스피,869,298,571,65.71,1.04
20250917,코스닥,1618,633,985,60.88,1.92
20250917,코스피,872,305,567,65.02,0.8
20250918,코스닥,1632,1162,470,28.8,0.86
20250918,코스피,855,591,264,30.88,0.47
20250919,코스닥,1617,615,1002,61.97,1.36
20250919,코스피,882,242,640,72.56,0.79
20250922,코스닥,1636,684,952,58.19,2.38
20250922,코스피,881,334,547,62.09,0.68
20250923,코스닥,1633,545,1088,66.63,1.71
20250923,코스피,871,270,601,69.0,0.8
20250924,코스닥,1654,511,1143,69.11,2.72
20250924,코스피,880,194,686,77.95,1.82
20250925,코스닥,1605,581,1024,63.8,3.3
20250925,코스피,872,338,534,61.24,0.8
20250926,코스닥,1658,242,1416,85.4,7.24
20250926,코스피,900,121,779,86.56,2.33
20250929,코스닥,1621,1109,512,31.59,1.23
20250929,코스피,868,597,271,31.22,0.23
20250930,코스닥,1639,484,1155,70.47,2.93
20250930,코스피,866,281,585,67.55,1.5
20251001,코스닥,1608,773,835,51.93,1.93
20251001,코스피,863,386,477,55.27,1.51
20251002,코스닥,1623,1052,571,35.18,1.05
20251002,코스피,883,586,297,33.64,1.59
20251010,코스닥,1662,640,1022,61.49,3.43
20251010,코스피,900,276,624,69.33,3.22
20251013,코스닥,1636,586,1050,64.18,2.57
20251013,코스피,870,274,596,68.51,1.95
20251014,코스닥,1647,496,1151,69.88,7.53
20251014,코스피,881,317,564,64.02,3.29
20251015,코스닥,1648,1311,337,20.45,1.09
20251015,코스피,888,761,127,14.3,0.68
20251016,코스닥,1618,592,1026,63.41,4.2
20251016,코스피,883,492,391,44.28,1.93
20251017,코스닥,1646,327,1319,80.13,7.23
20251017,코스피,894,222,672,75.17,2.24
20251020,코스닥,1628,1007,621,38.14,1.41
20251020,코스피,884,595,289,32.69,0.57
20251021,코스닥,1611,625,986,61.2,2.42
20251021,코스피,868,370,498,57.37,1.04
20251022,코스닥,1620,918,702,43.33,1.36
20251022,코스피,886,637,249,28.1,0.56
20251023,코스닥,1635,489,1146,70.09,2.32
20251023,코스피,869,260,609,70.08,2.19
20251024,코스닥,1613,726,887,54.99,2.42
20251024,코스피,884,476,408,46.15,0.9
20251027,코스닥,1629,851,778,47.76,1.29
20251027,코스피,884,561,323,36.54,0.68
20251028,코스닥,1601,683,918,57.34,1.75
20251028,코스피,882,379,503,57.03,1.13
20251029,코스닥,1619,539,1080,66.71,2.72
20251029,코스피,871,305,566,64.98,2.18
20251030,코스닥,1659,313,1346,81.13,7.53
20251030,코스피,898,191,707,78.73,5.79
20251031,코스닥,1620,753,867,53.52,2.72
20251031,코스피,879,319,560,63.71,1.37
20251103,코스닥,1677,569,1108,66.07,4.53
20251103,코스피,903,288,615,68.11,2.21
20251104,코스닥,1646,718,928,56.38,2.61
20251104,코스피,888,381,507,57.09,2.36
20251105,코스닥,1661,346,1315,79.17,10.3
20251105,코스피,907,173,734,80.93,8.93
20251106,코스닥,1631,853,778,47.7,4.97
20251106,코스피,900,633,267,29.67,2.78
20251107,코스닥,1645,288,1357,82.49,10.27
20251107,코스피,891,212,679,76.21,3.59
20251110,코스닥,1647,1335,312,18.94,1.58
20251110,코스피,906,807,99,10.93,0.88
20251111,코스닥,1614,578,1036,64.19,4.4
20251111,코스피,883,340,543,61.49,1.7
20251112,코스닥,1652,1328,324,19.61,0.91
20251112,코스피,907,788,119,13.12,0.33
20251113,코스닥,1615,885,730,45.2,1.86
20251113,코스피,862,476,386,44.78,0.93
20251114,코스닥,1633,348,1285,78.69,12.92
20251114,코스피,890,171,719,80.79,7.3
20251117,코스닥,1645,682,963,58.54,5.17
20251117,코스피,886,393,493,55.64,1.35
20251118,코스닥,1682,218,1464,87.04,14.51
20251118,코스피,904,83,821,90.82,7.41
20251119,코스닥,1633,629,1004,61.48,3.43
20251119,코스피,884,465,419,47.4,2.15
20251120,코스닥,1655,1338,317,19.15,1.09
20251120,코스피,892,751,141,15.81,1.12
20251121,코스닥,1671,249,1422,85.1,16.04
20251121,코스피,899,178,721,80.2,8.9
20251124,코스닥,1644,621,1023,62.23,4.74
20251124,코스피,884,306,578,65.38,2.38
20251125,코스닥,1635,748,887,54.25,2.63
20251125,코스피,882,328,554,62.81,1.7
20251126,코스닥,1653,1316,337,20.39,0.91
20251126,코스피,898,773,125,13.92,0.56
20251127,코스닥,1623,800,823,50.71,2.03
20251127,코스피,874,391,483,55.26,0.57
20251128,코스닥,1648,1368,280,16.99,1.21
20251128,코스피,877,595,282,32.16,0.68
20251201,코스닥,1621,849,772,47.62,2.16
20251201,코스피,873,382,491,56.24,2.06
20251202,코스닥,1631,1060,571,35.01,1.35
20251202,코스피,868,642,226,26.04,0.23
20251203,코스닥,1619,1025,594,36.69,1.67
20251203,코스피,884,656,228,25.79,0.45
20251204,코스닥,1642,562,1080,65.77,3.29
20251204,코스피,879,285,594,67.58,1.71
20251205,코스닥,1634,934,700,42.84,3.49
20251205,코스피,877,599,278,31.7,0.57
20251208,코스닥,1623,685,938,57.79,3.88
20251208,코스피,868,315,553,63.71,2.19
20251209,코스닥,1614,649,965,59.79,1.98
20251209,코스피,877,401,476,54.28,1.94
20251210,코스닥,1634,616,1018,62.3,1.77
20251210,코스피,876,283,593,67.69,1.03
20251211,코스닥,1636,982,654,39.98,1.16
20251211,코스피,878,551,327,37.24,0.91
20251212,코스닥,1635,909,726,44.4,2.2
20251212,코스피,879,657,222,25.26,1.59
20251215,코스닥,1653,697,956,57.83,3.63
20251215,코스피,882,350,532,60.32,1.7
20251216,코스닥,1697,315,1382,81.44,10.02
20251216,코스피,901,184,717,79.58,4.55
20251217,코스닥,1648,843,805,48.85,4.73
20251217,코스피,877,534,343,39.11,1.6
20251218,코스닥,1669,438,1231,73.76,3.77
20251218,코스피,884,196,688,77.83,3.62
20251219,코스닥,1657,1148,509,30.72,2.05
20251219,코스피,884,608,276,31.22,1.81
20251222,코스닥,1639,1121,518,31.6,2.38
20251222,코스피,878,536,342,38.95,1.48
20251223,코스닥,1659,370,1289,77.7,8.02
20251223,코스피,876,217,659,75.23,2.28
20251224,코스닥,1625,623,1002,61.66,2.52
20251224,코스피,863,380,483,55.97,2.09
20251226,코스닥,1655,672,983,59.4,2.96
20251226,코스피,889,246,643,72.33,1.24
20251229,코스닥,1666,854,812,48.74,4.14
20251229,코스피,892,319,573,64.24,3.14
20251230,코스닥,1649,654,995,60.34,4.24
20251230,코스피,877,332,545,62.14,2.39
20260102,코스닥,1674,1152,522,31.18,2.81
20260102,코스피,896,373,523,58.37,2.9
20260105,코스닥,1674,817,857,51.19,2.69
20260105,코스피,886,437,449,50.68,2.37
20260106,코스닥,1670,632,1038,62.16,4.25
20260106,코스피,880,396,484,55.0,2.61
20260107,코스닥,1696,418,1278,75.35,5.9
20260107,코스피,886,200,686,77.43,2.82
20260108,코스닥,1687,386,1301,77.12,5.93
20260108,코스피,907,177,730,80.49,3.31
20260109,코스닥,1653,940,713,43.13,3.09
20260109,코스피,881,539,342,38.82,1.7
20260112,코스닥,1653,910,743,44.95,2.78
20260112,코스피,881,531,350,39.73,0.79
20260113,코스닥,1668,653,1015,60.85,4.02
20260113,코스피,881,449,432,49.04,1.25
20260114,코스닥,1642,696,946,57.61,4.87
20260114,코스피,896,560,336,37.5,1.56
20260115,코스닥,1665,871,794,47.69,2.52
20260115,코스피,875,485,390,44.57,0.8
20260116,코스닥,1675,572,1103,65.85,4.54
20260116,코스피,881,374,507,57.55,2.27
20260119,코스닥,1676,831,845,50.42,2.86
20260119,코스피,887,398,489,55.13,1.13
20260120,코스닥,1676,1164,512,30.55,2.63
20260120,코스피,898,670,228,25.39,1.89
20260121,코스닥,1711,393,1318,77.03,9.0
20260121,코스피,900,186,714,79.33,3.67
20260122,코스닥,1658,982,676,40.77,4.64
20260122,코스피,882,565,317,35.94,2.15
20260123,코스닥,1684,1188,496,29.45,4.69
20260123,코스피,893,681,212,23.74,1.68
20260126,코스닥,1692,1368,324,19.15,1.71
20260126,코스피,897,505,392,43.7,1.23
20260127,코스닥,1671,919,752,45.0,1.86
20260127,코스피,886,411,475,53.61,1.47
20260128,코스닥,1669,929,740,44.34,2.4
20260128,코스피,873,432,441,50.52,0.92
20260129,코스닥,1674,1009,665,39.73,1.73
20260129,코스피,867,581,286,32.99,0.35
20260130,코스닥,1700,512,1188,69.88,7.65
20260130,코스피,884,280,604,68.33,3.51
20260202,코스닥,1707,281,1426,83.54,20.91
20260202,코스피,915,116,799,87.32,14.32
20260203,코스닥,1696,1400,296,17.45,1.24
20260203,코스피,903,827,76,8.42,0.11
20260204,코스닥,1666,1048,618,37.09,3.54
20260204,코스피,907,751,156,17.2,0.66
20260205,코스닥,1683,433,1250,74.27,14.68
20260205,코스피,887,308,579,65.28,7.33
20260206,코스닥,1687,402,1285,76.17,9.66
20260206,코스피,895,192,703,78.55,5.81
20260209,코스닥,1687,1363,324,19.21,2.43
20260209,코스피,891,717,174,19.53,1.01
20260210,코스닥,1679,1020,659,39.25,5.24
20260210,코스피,900,691,209,23.22,1.56
20260211,코스닥,1661,817,844,50.81,3.67
20260211,코스피,881,541,340,38.59,2.04
20260212,코스닥,1645,902,743,45.17,3.1
20260212,코스피,892,618,274,30.72,1.68
20260213,코스닥,1692,407,1285,75.95,10.64
20260213,코스피,885,337,548,61.92,3.5
20260219,코스닥,1692,1111,581,34.34,4.96
20260219,코스피,901,668,233,25.86,0.89
20260220,코스닥,1673,648,1025,61.27,5.62
20260220,코스피,887,546,341,38.44,1.69
20260223,코스닥,1684,886,798,47.39,5.52
20260223,코스피,895,547,348,38.88,4.13
20260224,코스닥,1660,910,750,45.18,2.59
20260224,코스피,875,408,467,53.37,2.06
20260225,코스닥,1672,659,1013,60.59,4.67
20260225,코스피,883,448,435,49.26,1.93
20260226,코스닥,1693,437,1256,74.19,8.68
20260226,코스피,902,240,662,73.39,7.65
20260227,코스닥,1684,496,1188,70.55,7.24
20260227,코스피,893,264,629,70.44,4.26
20260303,코스닥,1726,184,1542,89.34,38.7
20260303,코스피,917,75,842,91.82,34.13
20260304,코스닥,1732,25,1707,98.56,87.64
20260304,코스피,924,13,911,98.59,88.85
20260305,코스닥,1724,1671,53,3.07,0.41
20260305,코스피,922,901,21,2.28,0.54
20260306,코스닥,1692,1216,476,28.13,1.77
20260306,코스피,888,526,362,40.77,2.14
20260309,코스닥,1723,164,1559,90.48,45.27
20260309,코스피,924,73,851,92.1,33.01
20260310,코스닥,1701,1415,286,16.81,2.29
20260310,코스피,903,755,148,16.39,2.21
20260311,코스닥,1682,1161,521,30.98,1.72
20260311,코스피,903,702,201,22.26,0.78
20260312,코스닥,1669,1022,647,38.77,2.22
20260312,코스피,894,572,322,36.02,1.45
20260313,코스닥,1669,884,785,47.03,3.54
20260313,코스피,892,338,554,62.11,3.48
20260316,코스닥,1677,529,1148,68.46,7.45
20260316,코스피,896,249,647,72.21,3.35
20260317,코스닥,1658,954,704,42.46,5.55
20260317,코스피,890,631,259,29.1,1.57
20260318,코스닥,1666,1017,649,38.96,2.34
20260318,코스피,896,616,280,31.25,2.01
20260319,코스닥,1680,425,1255,74.7,6.67
20260319,코스피,886,206,680,76.75,2.48
20260320,코스닥,1679,1216,463,27.58,2.86
20260320,코스피,904,745,159,17.59,1.55
20260323,코스닥,1709,183,1526,89.29,35.93
20260323,코스피,917,53,864,94.22,35.55
20260324,코스닥,1674,1239,435,25.99,4.9
20260324,코스피,899,707,192,21.36,3.11
20260325,코스닥,1683,1311,372,22.1,1.66
20260325,코스피,885,719,166,18.76,1.13
20260326,코스닥,1682,379,1303,77.47,14.03
20260326,코스피,892,230,662,74.22,6.05
20260327,코스닥,1633,863,770,47.15,3.12
20260327,코스피,881,437,444,50.4,3.06
20260330,코스닥,1689,382,1307,77.38,14.86
20260330,코스피,907,155,752,82.91,11.58
20260331,코스닥,1690,228,1462,86.51,18.88
20260331,코스피,910,117,793,87.14,11.43
20260401,코스닥,1710,1552,158,9.24,1.29
20260401,코스피,911,840,71,7.79,1.32
20260402,코스닥,1720,148,1572,91.4,36.69
20260402,코스피,908,91,817,89.98,23.02
20260403,코스닥,1663,1185,478,28.74,2.22
20260403,코스피,892,666,226,25.34,0.78
20260406,코스닥,1682,567,1115,66.29,6.42
20260406,코스피,869,352,517,59.49,3.11
20260407,코스닥,1644,531,1113,67.7,7.12
20260407,코스피,867,287,580,66.9,4.04
20260408,코스닥,1673,1429,244,14.58,2.63
20260408,코스피,891,784,107,12.01,1.91
20260409,코스닥,1644,530,1114,67.76,5.6
20260409,코스피,868,357,511,58.87,2.42
20260410,코스닥,1646,1340,306,18.59,1.34
20260410,코스피,883,719,164,18.57,0.68
20260413,코스닥,1605,839,766,47.73,2.43
20260413,코스피,871,345,526,60.39,2.53
20260414,코스닥,1611,1284,327,20.3,1.55
20260414,코스피,870,671,199,22.87,1.03
20260415,코스닥,1617,1155,462,28.57,1.79
20260415,코스피,847,571,276,32.59,1.65
20260416,코스닥,1609,1146,463,28.78,4.23
20260416,코스피,864,657,207,23.96,1.39
20260417,코스닥,1596,907,689,43.17,3.82
20260417,코스피,856,466,390,45.56,2.22
20260420,코스닥,1595,663,932,58.43,2.76
20260420,코스피,857,322,535,62.43,1.63
20260421,코스닥,1588,624,964,60.71,6.93
20260421,코스피,867,457,410,47.29,1.96
20260422,코스닥,1589,720,869,54.69,3.46
20260422,코스피,864,398,466,53.94,0.93
20260423,코스닥,1600,529,1071,66.94,7.38
20260423,코스피,865,357,508,58.73,3.35
20260424,코스닥,1596,1127,469,29.39,1.75
20260424,코스피,859,622,237,27.59,0.7
20260427,코스닥,1595,913,682,42.76,3.13
20260427,코스피,856,497,359,41.94,1.17
20260428,코스닥,1586,557,1029,64.88,5.93
20260428,코스피,852,433,419,49.18,3.05
20260429,코스닥,1569,813,756,48.18,2.87
20260429,코스피,843,479,364,43.18,2.25
20260430,코스닥,1598,419,1179,73.78,7.95
20260430,코스피,862,195,667,77.38,6.15
20260504,코스닥,1586,791,795,50.13,3.97
20260504,코스피,868,393,475,54.72,3.11
20260506,코스닥,1618,429,1189,73.49,9.83
20260506,코스피,879,203,676,76.91,4.89
20260507,코스닥,1615,463,1152,71.33,10.71
20260507,코스피,857,356,501,58.46,5.95
20260508,코스닥,1585,733,852,53.75,4.04
20260508,코스피,870,370,500,57.47,3.56
20260511,코스닥,1636,408,1228,75.06,14.49
20260511,코스피,887,150,737,83.09,8.46
20260512,코스닥,1644,327,1317,80.11,18.25
20260512,코스피,879,146,733,83.39,12.51
20260513,코스닥,1603,665,938,58.52,6.3
20260513,코스피,883,282,601,68.06,3.96
20260514,코스닥,1598,850,748,46.81,6.57
20260514,코스피,870,649,221,25.4,3.1
20260515,코스닥,1630,211,1419,87.06,33.19
20260515,코스피,873,168,705,80.76,22.34
20260518,코스닥,1642,442,1200,73.08,13.64
20260518,코스피,891,208,683,76.66,11.78
20260519,코스닥,1626,416,1210,74.42,12.55
20260519,코스피,887,180,707,79.71,10.6
20260520,코스닥,1662,265,1397,84.06,16.49
20260520,코스피,904,95,809,89.49,9.51
20260521,코스닥,1633,1109,524,32.09,4.04
20260521,코스피,890,672,218,24.49,2.02
20260522,코스닥,1676,1464,212,12.65,1.67
20260522,코스피,906,789,117,12.91,1.21
20260526,코스닥,1667,558,1109,66.53,7.32
20260526,코스피,891,235,656,73.63,4.83
20260527,코스닥,1701,197,1504,88.42,35.8
20260527,코스피,902,76,826,91.57,18.85
20260528,코스닥,1670,384,1286,77.01,17.96
20260528,코스피,892,215,677,75.9,8.07
20260529,코스닥,1701,311,1390,81.72,23.99
20260529,코스피,894,207,687,76.85,8.5
20260601,코스닥,1702,225,1477,86.78,34.37
20260601,코스피,911,180,731,80.24,17.01
20260602,코스닥,1678,453,1225,73.0,16.75
20260602,코스피,907,271,636,70.12,11.91
20260604,코스닥,1683,834,849,50.45,6.83
20260604,코스피,893,447,446,49.94,5.94
20260605,코스닥,1686,389,1297,76.93,22.48
20260605,코스피,897,225,672,74.92,10.81
20260608,코스닥,1708,75,1633,95.61,66.74
20260608,코스피,918,42,876,95.42,50.0
20260609,코스닥,1693,1437,256,15.12,2.19
20260609,코스피,907,775,132,14.55,1.87
20260610,코스닥,1674,501,1173,70.07,11.59
20260610,코스피,893,343,550,61.59,6.27
20260611,코스닥,1676,1219,457,27.27,2.39
20260611,코스피,896,576,320,35.71,2.57
20260612,코스닥,1691,1321,370,21.88,2.54
20260612,코스피,900,756,144,16.0,2.0
20260615,코스닥,1672,1010,662,39.59,6.04
20260615,코스피,883,676,207,23.44,2.49
20260616,코스닥,1660,766,894,53.86,6.99
20260616,코스피,879,519,360,40.96,2.73
20260617,코스닥,1638,957,681,41.58,3.48
20260617,코스피,875,349,526,60.11,4.46
20260618,코스닥,1681,245,1436,85.43,21.24
20260618,코스피,900,109,791,87.89,12.89
20260619,코스닥,1689,200,1489,88.16,29.07
20260619,코스피,902,115,787,87.25,14.86
20260622,코스닥,1680,383,1297,77.2,16.19
20260622,코스피,890,148,742,83.37,10.45
20260623,코스닥,1708,136,1572,92.04,58.26
20260623,코스피,905,46,859,94.92,41.22
20260624,코스닥,1669,884,785,47.03,5.33
20260624,코스피,883,516,367,41.56,2.15
20260625,코스닥,1680,402,1278,76.07,19.76
20260625,코스피,880,291,589,66.93,8.18
20260626,코스닥,1691,224,1467,86.75,38.02
20260626,코스피,891,112,779,87.43,22.78
20260629,코스닥,1711,1553,158,9.23,1.93
20260629,코스피,908,821,87,9.58,1.32
20260630,코스닥,1693,724,969,57.24,9.69
20260630,코스피,885,262,623,70.4,7.68
20260701,코스닥,1683,1192,491,29.17,3.92
20260701,코스피,893,700,193,21.61,2.02
20260702,코스닥,1673,318,1355,80.99,35.8
20260702,코스피,896,280,616,68.75,15.18
20260703,코스닥,1661,1097,564,33.96,4.09
20260703,코스피,886,589,297,33.52,3.84
20260706,코스닥,1664,684,980,58.89,8.95
20260706,코스피,876,464,412,47.03,4.11
20260707,코스닥,1679,485,1194,71.11,14.29
20260707,코스피,870,358,512,58.85,9.54
20260708,코스닥,1691,247,1444,85.39,33.29
20260708,코스피,890,125,765,85.96,19.55
20260709,코스닥,1663,777,886,53.28,6.07
20260709,코스피,889,237,652,73.34,7.09
20260710,코스닥,1692,1489,203,12.0,2.07
20260710,코스피,894,802,92,10.29,1.9
20260713,코스닥,1679,221,1458,86.84,36.57
20260713,코스피,895,179,716,80.0,18.66
20260714,코스닥,1656,446,1210,73.07,12.2
20260714,코스피,881,219,662,75.14,8.97
20260715,코스닥,1680,1464,216,12.86,1.07
20260715,코스피,880,711,169,19.2,0.91
20260716,코스닥,1684,502,1182,70.19,18.59
20260716,코스피,872,385,487,55.85,8.94
20260720,코스닥,1685,199,1486,88.19,35.67
20260720,코스피,896,100,796,88.84,24.44
20260721,코스닥,1641,984,657,40.04,4.57
20260721,코스피,868,486,382,44.01,3.34
20260722,코스닥,1632,840,792,48.53,4.72
20260722,코스피,868,469,399,45.97,2.65
20260723,코스닥,1694,1444,250,14.76,2.36
20260723,코스피,905,831,74,8.18,0.55
20260724,코스닥,1651,371,1280,77.53,24.71
20260724,코스피,887,303,584,65.84,12.51
20260727,코스닥,1634,1007,627,38.37,4.47
20260727,코스피,869,494,375,43.15,6.79
20260728,코스닥,1698,144,1554,91.52,46.29
20260728,코스피,914,37,877,95.95,36.32
20260729,코스닥,1695,141,1554,91.68,56.17
20260729,코스피,896,91,805,89.84,34.82
20260730,코스닥,1671,734,937,56.07,12.27
20260730,코스피,886,610,276,31.15,4.74
20260731,코스닥,1698,1558,140,8.24,0.59
20260731,코스피,902,775,127,14.08,1.66
20260803,코스닥,1639,1169,470,28.68,2.62
20260803,코스피,874,455,419,47.94,4.23
20260804,코스닥,1637,1469,168,10.26,1.1
20260804,코스피,875,779,96,10.97,0.11
20260805,코스닥,1606,1316,290,18.06,1.31
20260805,코스피,863,667,196,22.71,0.93
20260806,코스닥,1579,715,864,54.72,5.83
20260806,코스피,862,486,376,43.62,3.71
20260807,코스닥,1590,793,797,50.13,4.72
20260807,코스피,868,551,317,36.52,2.3
20260810,코스닥,1618,1390,228,14.09,1.55
20260810,코스피,872,691,181,20.76,1.72
20260811,코스닥,1596,1069,527,33.02,2.51
20260811,코스피,863,556,307,35.57,2.32
20260812,코스닥,1589,854,735,46.26,4.09
20260812,코스피,849,374,475,55.95,2.59
20260813,코스닥,1591,608,983,61.79,7.29
20260813,코스피,859,330,529,61.58,2.33
20260814,코스닥,1598,885,713,44.62,3.57
20260814,코스피,873,674,199,22.79,2.29
20260818,코스닥,1613,362,1251,77.56,26.66
20260818,코스피,869,193,676,77.79,11.51
20260819,코스닥,1622,386,1236,76.2,9.86
20260819,코스피,865,169,696,80.46,7.75
20260820,코스닥,1592,1038,554,34.8,2.7
20260820,코스피,850,517,333,39.18,2.47
20260821,코스닥,1611,265,1346,83.55,26.32
20260821,코스피,867,193,674,77.74,11.53
20260824,코스닥,1571,887,684,43.54,4.52
20260824,코스피,856,573,283,33.06,2.92
20260825,코스닥,1598,1150,448,28.04,2.44
20260825,코스피,862,638,224,25.99,1.39
20260826,코스닥,1567,879,688,43.91,2.11
20260826,코스피,850,581,269,31.65,1.76
20260827,코스닥,1580,812,768,48.61,1.96
20260827,코스피,846,314,532,62.88,2.13
