일자,신고가수,전체수,종목수비중,시총비중,쏠림배수
20230110,41,2558,1.603,0.53,0.33
20230111,41,2558,1.603,0.405,0.25
20230112,41,2558,1.603,0.381,0.24
20230113,46,2558,1.798,0.545,0.3
20230116,49,2558,1.916,3.766,1.97
20230117,45,2557,1.76,0.91,0.52
20230118,43,2557,1.682,0.879,0.52
20230119,48,2559,1.876,1.243,0.66
20230120,52,2559,2.032,1.146,0.56
20230125,55,2559,2.149,1.986,0.92
20230126,49,2559,1.915,3.324,1.74
20230127,58,2560,2.266,1.089,0.48
20230130,57,2561,2.226,0.712,0.32
20230131,63,2563,2.458,1.125,0.46
20230201,55,2563,2.146,0.84,0.39
20230202,57,2562,2.225,0.548,0.25
20230203,50,2563,1.951,0.74,0.38
20230206,45,2563,1.756,0.438,0.25
20230207,50,2564,1.95,0.722,0.37
20230208,73,2564,2.847,1.197,0.42
20230209,66,2565,2.573,2.042,0.79
20230210,69,2565,2.69,1.493,0.56
20230213,62,2565,2.417,1.129,0.47
20230214,66,2565,2.573,1.541,0.6
20230215,58,2566,2.26,2.336,1.03
20230216,75,2567,2.922,2.976,1.02
20230217,67,2567,2.61,2.452,0.94
20230220,69,2568,2.687,2.444,0.91
20230221,62,2566,2.416,2.525,1.05
20230222,60,2566,2.338,1.07,0.46
20230223,62,2566,2.416,1.778,0.74
20230224,64,2567,2.493,1.52,0.61
20230227,69,2567,2.688,1.712,0.64
20230228,66,2568,2.57,1.735,0.67
20230302,72,2569,2.803,1.643,0.59
20230303,67,2570,2.607,1.905,0.73
20230306,82,2570,3.191,4.237,1.33
20230307,78,2572,3.033,6.953,2.29
20230308,73,2572,2.838,2.804,0.99
20230309,60,2573,2.332,0.97,0.42
20230310,51,2572,1.983,1.307,0.66
20230313,49,2573,1.904,1.628,0.85
20230314,45,2573,1.749,0.815,0.47
20230315,61,2574,2.37,2.56,1.08
20230316,57,2574,2.214,2.741,1.24
20230317,59,2575,2.291,1.02,0.45
20230320,68,2575,2.641,1.371,0.52
20230321,75,2575,2.913,1.758,0.6
20230322,86,2575,3.34,2.621,0.78
20230323,78,2575,3.029,1.9,0.63
20230324,89,2575,3.456,2.295,0.66
20230327,94,2576,3.649,2.33,0.64
20230328,86,2576,3.339,1.742,0.52
20230329,92,2577,3.57,2.26,0.63
20230330,86,2577,3.337,2.226,0.67
20230331,85,2579,3.296,5.215,1.58
20230403,113,2579,4.382,6.248,1.43
20230404,86,2579,3.335,2.279,0.68
20230405,98,2579,3.8,4.225,1.11
20230406,81,2581,3.138,3.341,1.06
20230407,79,2582,3.06,3.424,1.12
20230410,90,2584,3.483,7.9,2.27
20230411,84,2584,3.251,5.574,1.71
20230412,109,2584,4.218,4.836,1.15
20230413,97,2584,3.754,3.646,0.97
20230414,91,2583,3.523,4.241,1.2
20230417,118,2583,4.568,5.652,1.24
20230418,111,2583,4.297,5.0,1.16
20230419,119,2583,4.607,4.533,0.98
20230420,78,2583,3.02,2.12,0.7
20230421,61,2583,2.362,1.296,0.55
20230424,58,2583,2.245,1.48,0.66
20230425,70,2582,2.711,4.691,1.73
20230426,53,2583,2.052,1.229,0.6
20230427,62,2584,2.399,4.36,1.82
20230428,61,2584,2.361,1.509,0.64
20230502,82,2584,3.173,3.376,1.06
20230503,78,2584,3.019,1.962,0.65
20230504,71,2585,2.747,1.166,0.42
20230508,60,2584,2.322,4.514,1.94
20230509,67,2584,2.593,4.04,1.56
20230510,83,2584,3.212,4.403,1.37
20230511,79,2584,3.057,2.348,0.77
20230512,78,2584,3.019,0.663,0.22
20230515,73,2584,2.825,0.847,0.3
20230516,69,2584,2.67,0.923,0.35
20230517,77,2585,2.979,0.954,0.32
20230518,82,2585,3.172,1.502,0.47
20230519,77,2587,2.976,18.177,6.11
20230522,76,2587,2.938,18.184,6.19
20230523,76,2587,2.938,1.331,0.45
20230524,75,2588,2.898,18.325,6.32
20230525,77,2588,2.975,17.861,6.0
20230526,73,2588,2.821,17.794,6.31
20230530,79,2589,3.051,22.575,7.4
20230531,67,2590,2.587,0.745,0.29
20230601,85,2591,3.281,4.805,1.46
20230602,93,2592,3.588,4.583,1.28
20230605,100,2592,3.858,2.823,0.73
20230607,100,2592,3.858,1.711,0.44
20230608,102,2593,3.934,2.516,0.64
20230609,110,2593,4.242,7.324,1.73
20230612,97,2593,3.741,1.942,0.52
20230613,114,2593,4.396,5.634,1.28
20230614,85,2593,3.278,1.814,0.55
20230615,101,2594,3.894,2.497,0.64
20230616,108,2597,4.159,2.75,0.66
20230619,111,2597,4.274,4.372,1.02
20230620,104,2597,4.005,3.31,0.83
20230621,87,2597,3.35,2.189,0.65
20230622,82,2598,3.156,2.15,0.68
20230623,87,2600,3.346,0.885,0.26
20230626,101,2600,3.885,18.942,4.88
20230627,92,2600,3.538,19.142,5.41
20230628,97,2601,3.729,19.727,5.29
20230629,103,2602,3.958,1.662,0.42
20230630,104,2604,3.994,2.292,0.57
20230703,131,2604,5.031,21.847,4.34
20230704,137,2604,5.261,21.456,4.08
20230705,113,2604,4.339,4.39,1.01
20230706,80,2606,3.07,0.903,0.29
20230707,78,2606,2.993,2.597,0.87
20230710,83,2606,3.185,2.085,0.65
20230711,98,2606,3.761,3.209,0.85
20230712,106,2607,4.066,3.95,0.97
20230713,113,2607,4.334,4.537,1.05
20230714,108,2608,4.141,24.462,5.91
20230717,122,2601,4.691,6.313,1.35
20230718,100,2601,3.845,7.527,1.96
20230719,84,2602,3.228,6.966,2.16
20230720,103,2603,3.957,3.239,0.82
20230721,93,2603,3.573,8.685,2.43
20230724,95,2604,3.648,9.234,2.53
20230725,98,2604,3.763,11.146,2.96
20230726,52,2605,1.996,1.966,0.99
20230727,74,2608,2.837,5.696,2.01
20230728,87,2609,3.335,5.825,1.75
20230731,98,2609,3.756,4.601,1.22
20230801,94,2609,3.603,3.53,0.98
20230802,72,2609,2.76,1.547,0.56
20230803,74,2610,2.835,1.211,0.43
20230804,77,2611,2.949,2.259,0.77
20230807,83,2612,3.178,2.662,0.84
20230808,76,2612,2.91,2.22,0.76
20230809,71,2612,2.718,1.423,0.52
20230810,86,2616,3.287,2.78,0.85
20230811,91,2617,3.477,1.981,0.57
20230814,97,2616,3.708,2.076,0.56
20230816,87,2616,3.326,1.191,0.36
20230817,66,2617,2.522,0.735,0.29
20230818,65,2617,2.484,0.843,0.34
20230821,69,2618,2.636,1.483,0.56
20230822,67,2619,2.558,0.676,0.26
20230823,76,2619,2.902,2.057,0.71
20230824,78,2620,2.977,1.404,0.47
20230825,73,2620,2.786,1.831,0.66
20230828,84,2618,3.209,2.548,0.79
20230829,82,2618,3.132,1.517,0.48
20230830,87,2620,3.321,2.049,0.62
20230831,97,2620,3.702,2.563,0.69
20230901,79,2621,3.014,1.197,0.4
20230904,76,2622,2.899,1.618,0.56
20230905,90,2622,3.432,1.872,0.55
20230906,94,2622,3.585,2.211,0.62
20230907,83,2623,3.164,2.026,0.64
20230908,85,2623,3.241,2.773,0.86
20230911,100,2623,3.812,3.887,1.02
20230912,64,2623,2.44,0.521,0.21
20230913,64,2623,2.44,1.163,0.48
20230914,69,2624,2.63,1.175,0.45
20230915,78,2625,2.971,2.646,0.89
20230918,73,2625,2.781,1.45,0.52
20230919,81,2625,3.086,1.884,0.61
20230920,63,2625,2.4,1.201,0.5
20230921,57,2625,2.171,0.454,0.21
20230922,61,2624,2.325,0.88,0.38
20230925,58,2625,2.21,0.967,0.44
20230926,49,2625,1.867,0.236,0.13
20230927,59,2626,2.247,0.506,0.23
20231004,53,2628,2.017,0.425,0.21
20231005,47,2629,1.788,0.277,0.15
20231006,58,2630,2.205,0.739,0.33
20231010,58,2631,2.204,0.472,0.21
20231011,61,2631,2.319,0.536,0.23
20231012,61,2631,2.319,0.986,0.43
20231013,61,2632,2.318,0.811,0.35
20231016,62,2632,2.356,0.959,0.41
20231017,57,2632,2.166,4.39,2.03
20231018,58,2633,2.203,4.986,2.26
20231019,47,2634,1.784,0.297,0.17
20231020,46,2634,1.746,0.26,0.15
20231023,46,2634,1.746,0.236,0.14
20231024,46,2634,1.746,0.241,0.14
20231025,55,2634,2.088,0.377,0.18
20231026,46,2635,1.746,0.208,0.12
20231027,48,2634,1.822,0.327,0.18
20231030,51,2634,1.936,0.335,0.17
20231031,48,2634,1.822,0.281,0.15
20231101,48,2634,1.822,0.293,0.16
20231102,49,2636,1.859,0.309,0.17
20231103,60,2637,2.275,0.68,0.3
20231106,62,2637,2.351,5.338,2.27
20231107,64,2637,2.427,0.907,0.37
20231108,61,2637,2.313,0.778,0.34
20231109,51,2641,1.931,0.401,0.21
20231110,55,2641,2.083,0.806,0.39
20231113,52,2644,1.967,0.896,0.46
20231114,57,2644,2.156,0.778,0.36
20231115,62,2645,2.344,5.248,2.24
20231116,61,2645,2.306,1.339,0.58
20231117,61,2646,2.305,0.993,0.43
20231120,62,2647,2.342,1.238,0.53
20231121,62,2649,2.341,1.34,0.57
20231122,66,2649,2.492,0.703,0.28
20231123,60,2649,2.265,0.868,0.38
20231124,57,2650,2.151,0.901,0.42
20231127,67,2650,2.528,1.834,0.73
20231128,62,2651,2.339,2.511,1.07
20231129,56,2651,2.112,1.004,0.48
20231130,67,2651,2.527,1.773,0.7
20231201,79,2653,2.978,1.76,0.59
20231204,70,2654,2.638,0.834,0.32
20231205,57,2656,2.146,0.537,0.25
20231206,70,2656,2.636,0.936,0.35
20231207,72,2656,2.711,1.307,0.48
20231208,70,2656,2.636,2.257,0.86
20231211,61,2656,2.297,2.937,1.28
20231212,66,2657,2.484,21.602,8.7
20231213,57,2657,2.145,1.145,0.53
20231214,67,2657,2.522,7.637,3.03
20231215,56,2657,2.108,5.234,2.48
20231218,73,2656,2.748,5.177,1.88
20231219,66,2656,2.485,1.011,0.41
20231220,83,2656,3.125,26.15,8.37
20231221,75,2656,2.824,25.742,9.12
20231222,68,2659,2.557,24.491,9.58
20231226,71,2659,2.67,26.844,10.05
20231227,68,2658,2.558,24.71,9.66
20231228,70,2658,2.634,29.389,11.16
20240102,97,2657,3.651,28.957,7.93
20240103,76,2656,2.861,2.859,1.0
20240104,60,2656,2.259,0.449,0.2
20240105,62,2656,2.334,0.721,0.31
20240108,68,2656,2.56,0.694,0.27
20240109,75,2656,2.824,0.665,0.24
20240110,72,2656,2.711,0.748,0.28
20240111,68,2656,2.56,1.335,0.52
20240112,66,2655,2.486,1.145,0.46
20240115,68,2655,2.561,1.831,0.72
20240116,56,2655,2.109,1.083,0.51
20240117,46,2655,1.733,0.306,0.18
20240118,62,2655,2.335,0.905,0.39
20240119,71,2655,2.674,1.335,0.5
20240122,89,2655,3.352,5.882,1.75
20240123,75,2654,2.826,1.122,0.4
20240124,78,2656,2.937,1.455,0.5
20240125,74,2657,2.785,2.042,0.73
20240126,73,2658,2.746,2.089,0.76
20240129,73,2659,2.745,4.93,1.8
20240130,78,2659,2.933,5.391,1.84
20240131,71,2658,2.671,7.923,2.97
20240201,104,2660,3.91,10.661,2.73
20240202,109,2661,4.096,17.366,4.24
20240205,88,2661,3.307,6.585,1.99
20240206,69,2663,2.591,2.238,0.86
20240207,92,2663,3.455,8.54,2.47
20240208,92,2663,3.455,13.541,3.92
20240213,110,2663,4.131,12.412,3.0
20240214,90,2663,3.38,3.433,1.02
20240215,75,2662,2.817,1.178,0.42
20240216,95,2662,3.569,8.637,2.42
20240219,130,2662,4.884,17.695,3.62
20240220,92,2662,3.456,3.848,1.11
20240221,83,2662,3.118,2.497,0.8
20240222,95,2663,3.567,7.663,2.15
20240223,101,2665,3.79,10.072,2.66
20240226,68,2665,2.552,7.276,2.85
20240227,64,2666,2.401,2.467,1.03
20240228,71,2666,2.663,2.805,1.05
20240229,72,2668,2.699,4.103,1.52
20240304,99,2668,3.711,17.159,4.62
20240305,85,2670,3.184,3.807,1.2
20240306,91,2669,3.41,7.761,2.28
20240307,74,2670,2.772,3.472,1.25
20240308,83,2670,3.109,10.977,3.53
20240311,74,2670,2.772,1.972,0.71
20240312,71,2670,2.659,2.537,0.95
20240313,77,2671,2.883,5.361,1.86
20240314,93,2671,3.482,11.868,3.41
20240315,81,2671,3.033,3.397,1.12
20240318,80,2671,2.995,3.435,1.15
20240319,74,2671,2.77,2.042,0.74
20240320,81,2671,3.033,3.35,1.1
20240321,101,2672,3.78,6.515,1.72
20240322,94,2672,3.518,4.011,1.14
20240325,90,2672,3.368,2.453,0.73
20240326,92,2673,3.442,26.486,7.7
20240327,81,2674,3.029,9.797,3.23
20240328,86,2674,3.216,21.659,6.73
20240329,84,2675,3.14,26.783,8.53
20240401,96,2675,3.589,9.086,2.53
20240402,78,2675,2.916,28.042,9.62
20240403,77,2676,2.877,1.008,0.35
20240404,91,2676,3.401,26.22,7.71
20240405,84,2676,3.139,2.217,0.71
20240408,79,2676,2.952,1.426,0.48
20240409,75,2676,2.803,1.508,0.54
20240411,85,2676,3.176,7.262,2.29
20240412,86,2676,3.214,2.283,0.71
20240415,91,2677,3.399,2.493,0.73
20240416,71,2677,2.652,1.352,0.51
20240417,76,2677,2.839,0.678,0.24
20240418,98,2677,3.661,2.944,0.8
20240419,76,2677,2.839,1.669,0.59
20240422,81,2678,3.025,0.954,0.32
20240423,84,2678,3.137,1.019,0.33
20240424,94,2679,3.509,2.79,0.8
20240425,84,2679,3.135,0.781,0.25
20240426,108,2678,4.033,2.07,0.51
20240429,102,2678,3.809,2.484,0.65
20240430,88,2678,3.286,1.542,0.47
20240502,95,2680,3.545,1.47,0.41
20240503,74,2680,2.761,0.958,0.35
20240507,101,2682,3.766,1.631,0.43
20240508,94,2683,3.504,2.026,0.58
20240509,88,2683,3.28,1.818,0.55
20240510,101,2683,3.764,3.673,0.98
20240513,116,2682,4.325,4.068,0.94
20240514,88,2681,3.282,1.343,0.41
20240516,126,2681,4.7,9.579,2.04
20240517,101,2683,3.764,2.286,0.61
20240520,111,2683,4.137,4.387,1.06
20240521,110,2683,4.1,4.245,1.04
20240522,113,2683,4.212,10.491,2.49
20240523,88,2684,3.279,6.623,2.02
20240524,91,2684,3.39,2.348,0.69
20240527,102,2684,3.8,9.157,2.41
20240528,107,2684,3.987,9.673,2.43
20240529,81,2685,3.017,7.351,2.44
20240530,84,2685,3.128,0.925,0.3
20240531,90,2685,3.352,1.47,0.44
20240603,100,2685,3.724,1.632,0.44
20240604,81,2685,3.017,1.508,0.5
20240605,75,2685,2.793,1.525,0.55
20240607,88,2684,3.279,8.247,2.52
20240610,106,2684,3.949,8.203,2.08
20240611,90,2684,3.353,7.929,2.36
20240612,100,2684,3.726,9.943,2.67
20240613,111,2684,4.136,10.082,2.44
20240614,114,2685,4.246,3.139,0.74
20240617,99,2684,3.689,12.962,3.51
20240618,118,2685,4.395,14.102,3.21
20240619,97,2688,3.609,8.012,2.22
20240620,98,2688,3.646,8.898,2.44
20240621,92,2688,3.423,2.814,0.82
20240624,86,2691,3.196,2.718,0.85
20240625,89,2691,3.307,4.87,1.47
20240626,85,2692,3.158,5.298,1.68
20240627,89,2693,3.305,6.662,2.02
20240628,93,2694,3.452,3.159,0.91
20240701,78,2695,2.894,1.859,0.64
20240702,67,2695,2.486,2.137,0.86
20240703,71,2696,2.634,3.434,1.3
20240704,78,2696,2.893,5.432,1.88
20240705,81,2696,3.004,24.589,8.18
20240708,84,2696,3.116,21.401,6.87
20240709,88,2695,3.265,28.056,8.59
20240710,86,2694,3.192,27.646,8.66
20240711,96,2695,3.562,10.462,2.94
20240712,78,2696,2.893,1.518,0.52
20240715,87,2697,3.226,3.375,1.05
20240716,90,2697,3.337,4.168,1.25
20240717,87,2697,3.226,4.543,1.41
20240718,69,2697,2.558,2.59,1.01
20240719,70,2697,2.595,1.161,0.45
20240722,70,2697,2.595,2.042,0.79
20240723,77,2697,2.855,5.64,1.98
20240724,88,2697,3.263,6.639,2.03
20240725,62,2697,2.299,1.449,0.63
20240726,92,2697,3.411,7.991,2.34
20240729,101,2698,3.744,9.836,2.63
20240730,93,2698,3.447,2.41,0.7
20240731,88,2699,3.26,2.871,0.88
20240801,99,2699,3.668,4.28,1.17
20240802,58,2699,2.149,0.368,0.17
20240805,54,2699,2.001,0.35,0.18
20240806,55,2700,2.037,0.345,0.17
20240807,67,2700,2.481,4.174,1.68
20240808,72,2700,2.667,4.831,1.81
20240809,76,2700,2.815,1.828,0.65
20240812,75,2701,2.777,1.007,0.36
20240813,72,2702,2.665,2.049,0.77
20240814,74,2702,2.739,2.263,0.83
20240816,82,2703,3.034,1.765,0.58
20240819,90,2704,3.328,2.536,0.76
20240820,88,2706,3.252,3.327,1.02
20240821,94,2707,3.472,3.223,0.93
20240822,73,2709,2.695,3.317,1.23
20240823,89,2710,3.284,4.885,1.49
20240826,90,2710,3.321,6.293,1.89
20240827,77,2710,2.841,2.33,0.82
20240828,68,2710,2.509,4.247,1.69
20240829,67,2710,2.472,1.754,0.71
20240830,63,2711,2.324,1.42,0.61
20240902,59,2711,2.176,1.023,0.47
20240903,67,2711,2.471,2.134,0.86
20240904,56,2711,2.066,0.88,0.43
20240905,57,2711,2.103,0.861,0.41
20240906,56,2710,2.066,1.495,0.72
20240909,55,2710,2.03,0.46,0.23
20240910,57,2710,2.103,3.571,1.7
20240911,52,2711,1.918,0.381,0.2
20240912,57,2711,2.103,0.903,0.43
20240913,65,2711,2.398,2.266,0.94
20240919,75,2711,2.767,5.933,2.14
20240920,85,2711,3.135,6.6,2.11
20240923,75,2712,2.765,4.436,1.6
20240924,68,2711,2.508,1.407,0.56
20240925,64,2712,2.36,0.708,0.3
20240926,65,2712,2.397,1.692,0.71
20240927,68,2713,2.506,0.558,0.22
20240930,64,2714,2.358,0.497,0.21
20241002,71,2714,2.616,0.515,0.2
20241004,79,2714,2.911,2.614,0.9
20241007,78,2713,2.875,3.505,1.22
20241008,69,2712,2.544,2.152,0.85
20241010,83,2712,3.06,4.513,1.47
20241011,81,2712,2.987,6.217,2.08
20241014,72,2712,2.655,4.136,1.56
20241015,89,2712,3.282,4.738,1.44
20241016,84,2713,3.096,3.166,1.02
20241017,84,2713,3.096,4.121,1.33
20241018,69,2715,2.541,3.778,1.49
20241021,81,2716,2.982,7.754,2.6
20241022,76,2716,2.798,3.618,1.29
20241023,63,2716,2.32,0.513,0.22
20241024,68,2717,2.503,2.374,0.95
20241025,71,2719,2.611,4.868,1.86
20241028,61,2720,2.243,1.975,0.88
20241029,68,2720,2.5,2.494,1.0
20241030,69,2720,2.537,1.736,0.68
20241031,65,2722,2.388,1.149,0.48
20241101,58,2724,2.129,0.413,0.19
20241104,65,2724,2.386,0.996,0.42
20241105,67,2725,2.459,1.235,0.5
20241106,65,2725,2.385,1.577,0.66
20241107,63,2725,2.312,2.592,1.12
20241108,75,2726,2.751,3.269,1.19
20241111,78,2726,2.861,5.494,1.92
20241112,59,2727,2.164,1.606,0.74
20241113,52,2728,1.906,1.087,0.57
20241114,56,2728,2.053,3.067,1.49
20241115,55,2729,2.015,1.053,0.52
20241118,57,2731,2.087,2.199,1.05
20241119,63,2733,2.305,0.973,0.42
20241120,63,2735,2.303,2.791,1.21
20241121,55,2736,2.01,0.746,0.37
20241122,66,2735,2.413,2.898,1.2
20241125,63,2735,2.303,3.009,1.31
20241126,64,2735,2.34,1.828,0.78
20241127,77,2735,2.815,4.176,1.48
20241128,61,2736,2.23,2.242,1.01
20241129,56,2737,2.046,1.79,0.87
20241202,57,2737,2.083,2.041,0.98
20241203,80,2737,2.923,7.779,2.66
20241204,60,2736,2.193,2.777,1.27
20241205,65,2736,2.376,2.555,1.08
20241206,67,2736,2.449,0.833,0.34
20241209,67,2735,2.45,0.493,0.2
20241210,78,2735,2.852,0.725,0.25
20241211,84,2736,3.07,1.037,0.34
20241212,78,2737,2.85,0.932,0.33
20241213,84,2737,3.069,1.449,0.47
20241216,77,2739,2.811,1.191,0.42
20241217,67,2739,2.446,1.293,0.53
20241218,66,2740,2.409,1.584,0.66
20241219,70,2741,2.554,2.102,0.82
20241220,61,2742,2.225,1.792,0.81
20241223,76,2743,2.771,2.945,1.06
20241224,66,2744,2.405,1.959,0.81
20241226,65,2745,2.368,2.991,1.26
20241227,56,2745,2.04,0.919,0.45
20241230,60,2745,2.186,0.422,0.19
20250102,73,2745,2.659,1.933,0.73
20250103,69,2745,2.514,0.988,0.39
20250106,73,2745,2.659,0.994,0.37
20250107,79,2745,2.878,1.693,0.59
20250108,72,2744,2.624,2.337,0.89
20250109,70,2744,2.551,3.25,1.27
20250110,75,2744,2.733,3.465,1.27
20250113,65,2744,2.369,1.998,0.84
20250114,17,961,1.769,2.211,1.25
20250115,22,961,2.289,4.16,1.82
20250116,80,2744,2.915,4.493,1.54
20250117,81,2744,2.952,3.968,1.34
20250120,63,2744,2.296,1.8,0.78
20250121,82,2744,2.988,4.382,1.47
20250122,76,2744,2.77,1.876,0.68
20250123,67,2746,2.44,0.729,0.3
20250124,72,2749,2.619,3.074,1.17
20250131,71,2749,2.583,3.212,1.24
20250203,63,2750,2.291,4.012,1.75
20250204,71,2751,2.581,2.222,0.86
20250205,75,2752,2.725,3.637,1.33
20250206,81,2752,2.943,6.867,2.33
20250207,78,2752,2.834,7.216,2.55
20250210,79,2751,2.872,1.539,0.54
20250211,84,2750,3.055,7.148,2.34
20250212,85,2751,3.09,5.999,1.94
20250213,84,2752,3.052,8.456,2.77
20250214,91,2751,3.308,9.048,2.74
20250217,99,2752,3.597,9.775,2.72
20250218,102,2752,3.706,5.77,1.56
20250219,89,2751,3.235,5.785,1.79
20250220,87,2752,3.161,5.257,1.66
20250221,91,2751,3.308,4.999,1.51
20250224,74,2751,2.69,4.847,1.8
20250225,88,2752,3.198,4.351,1.36
20250226,84,2752,3.052,1.947,0.64
20250227,82,2752,2.98,1.985,0.67
20250228,61,2752,2.217,0.545,0.25
20250304,71,2752,2.58,3.279,1.27
20250305,85,2752,3.089,2.75,0.89
20250306,80,2753,2.906,3.019,1.04
20250307,80,2753,2.906,3.753,1.29
20250310,72,2753,2.615,3.626,1.39
20250311,61,2753,2.216,0.981,0.44
20250312,69,2753,2.506,2.553,1.02
20250313,71,2753,2.579,2.922,1.13
20250314,72,2754,2.614,1.829,0.7
20250317,78,2754,2.832,4.516,1.59
20250318,77,2754,2.796,4.059,1.45
20250319,70,2754,2.542,3.499,1.38
20250320,63,2757,2.285,2.443,1.07
20250321,63,2758,2.284,0.87,0.38
20250324,68,2759,2.465,2.051,0.83
20250325,67,2759,2.428,1.978,0.81
20250326,63,2759,2.283,2.072,0.91
20250327,59,2759,2.138,0.496,0.23
20250328,58,2758,2.103,0.458,0.22
20250331,53,2757,1.922,0.291,0.15
20250401,77,2756,2.794,0.721,0.26
20250402,76,2756,2.758,0.756,0.27
20250403,75,2757,2.72,0.479,0.18
20250404,87,2757,3.156,0.795,0.25
20250407,89,2757,3.228,0.557,0.17
20250408,93,2757,3.373,0.662,0.2
20250409,69,2757,2.503,0.534,0.21
20250410,84,2757,3.047,0.819,0.27
20250411,96,2757,3.482,2.845,0.82
20250414,103,2757,3.736,2.965,0.79
20250415,100,2757,3.627,1.333,0.37
20250416,86,2757,3.119,1.071,0.34
20250417,105,2757,3.808,4.971,1.31
20250418,110,2757,3.99,3.897,0.98
20250421,131,2757,4.752,3.396,0.71
20250422,115,2757,4.171,4.267,1.02
20250423,115,2757,4.171,2.408,0.58
20250424,122,2757,4.425,3.384,0.76
20250425,129,2757,4.679,5.262,1.12
20250428,136,2758,4.931,4.573,0.93
20250429,139,2758,5.04,6.778,1.34
20250430,117,2758,4.242,5.25,1.24
20250502,125,2758,4.532,6.272,1.38
20250507,134,2758,4.859,8.873,1.83
20250508,136,2759,4.929,5.932,1.2
20250509,134,2761,4.853,5.575,1.15
20250512,140,2762,5.069,3.613,0.71
20250513,132,2762,4.779,3.865,0.81
20250514,167,2761,6.049,6.77,1.12
20250515,123,2761,4.455,4.95,1.11
20250516,134,2760,4.855,6.577,1.35
20250519,110,2761,3.984,5.093,1.28
20250520,147,2762,5.322,5.267,0.99
20250521,168,2762,6.083,7.953,1.31
20250522,109,2763,3.945,2.931,0.74
20250523,156,2764,5.644,7.875,1.4
20250526,180,2762,6.517,12.014,1.84
20250527,148,2761,5.36,8.052,1.5
20250528,137,2761,4.962,3.822,0.77
20250529,208,2762,7.531,10.7,1.42
20250530,166,2762,6.01,8.926,1.49
20250602,157,2761,5.686,5.573,0.98
20250604,282,2761,10.214,17.072,1.67
20250605,207,2761,7.497,10.611,1.42
20250609,288,2761,10.431,13.566,1.3
20250610,204,2762,7.386,15.546,2.1
20250611,237,2762,8.581,14.291,1.67
20250612,228,2762,8.255,13.457,1.63
20250613,140,2762,5.069,11.763,2.32
20250616,247,2761,8.946,28.398,3.17
20250617,160,2761,5.795,14.591,2.52
20250618,180,2759,6.524,11.567,1.77
20250619,180,2757,6.529,11.316,1.73
20250620,161,2757,5.84,17.351,2.97
20250623,171,2757,6.202,19.842,3.2
20250624,212,2757,7.69,27.54,3.58
20250625,171,2757,6.202,17.276,2.79
20250626,123,2757,4.461,12.802,2.87
20250627,114,2757,4.135,3.427,0.83
20250630,134,2758,4.859,6.919,1.42
20250701,187,2758,6.78,9.26,1.37
20250702,145,2758,5.257,5.45,1.04
20250703,146,2758,5.294,6.97,1.32
20250704,105,2760,3.804,2.755,0.72
20250707,115,2761,4.165,4.467,1.07
20250708,166,2760,6.014,11.829,1.97
20250709,262,2759,9.496,11.398,1.2
20250710,268,2760,9.71,18.696,1.93
20250711,217,2758,7.868,6.838,0.87
20250714,270,2757,9.793,22.661,2.31
20250715,186,2757,6.746,8.462,1.25
20250716,138,2757,5.005,3.072,0.61
20250717,124,2757,4.498,4.725,1.05
20250718,94,2757,3.41,2.589,0.76
20250721,98,2756,3.556,1.962,0.55
20250722,90,2758,3.263,1.658,0.51
20250723,89,2759,3.226,1.299,0.4
20250724,87,2758,3.154,1.723,0.55
20250725,84,2759,3.045,1.778,0.58
20250728,88,2759,3.19,4.083,1.28
20250729,91,2760,3.297,5.536,1.68
20250730,81,2760,2.935,1.996,0.68
20250731,88,2759,3.19,3.767,1.18
20250801,70,2759,2.537,1.619,0.64
20250804,87,2759,3.153,0.974,0.31
20250805,96,2759,3.48,2.309,0.66
20250806,94,2760,3.406,2.702,0.79
20250807,95,2761,3.441,2.414,0.7
20250808,108,2761,3.912,4.168,1.07
20250811,108,2761,3.912,3.356,0.86
20250812,88,2761,3.187,1.032,0.32
20250813,100,2761,3.622,2.361,0.65
20250814,96,2763,3.474,1.919,0.55
20250818,94,2764,3.401,1.162,0.34
20250819,87,2765,3.146,0.887,0.28
20250820,86,2765,3.11,0.57,0.18
20250821,91,2765,3.291,1.506,0.46
20250822,95,2765,3.436,2.185,0.64
20250825,108,2766,3.905,2.49,0.64
20250826,100,2766,3.615,2.268,0.63
20250827,105,2766,3.796,4.094,1.08
20250828,103,2766,3.724,3.424,0.92
20250829,120,2766,4.338,3.442,0.79
20250901,89,2766,3.218,3.085,0.96
20250902,98,2766,3.543,4.967,1.4
20250903,95,2766,3.435,2.559,0.75
20250904,108,2766,3.905,2.422,0.62
20250905,107,2766,3.868,3.212,0.83
20250908,145,2765,5.244,2.869,0.55
20250909,134,2765,4.846,3.126,0.64
20250910,163,2763,5.899,12.017,2.04
20250911,159,2762,5.757,16.0,2.78
20250912,152,2762,5.503,28.677,5.21
20250915,165,2762,5.974,29.743,4.98
20250916,150,2762,5.431,31.861,5.87
20250917,122,2762,4.417,2.032,0.46
20250918,173,2762,6.264,28.753,4.59
20250919,158,2763,5.718,13.552,2.37
20250922,164,2763,5.936,22.12,3.73
20250923,138,2763,4.995,28.716,5.75
20250924,134,2763,4.85,20.325,4.19
20250925,102,2762,3.693,18.109,4.9
20250926,79,2762,2.86,0.366,0.13
20250929,103,2762,3.729,2.652,0.71
20250930,95,2763,3.438,2.336,0.68
20251001,121,2764,4.378,5.37,1.23
20251002,166,2764,6.006,32.346,5.39
20251010,172,2763,6.225,36.175,5.81
20251013,125,2763,4.524,4.373,0.97
20251014,92,2762,3.331,1.95,0.59
20251015,127,2762,4.598,21.306,4.63
20251016,123,2761,4.455,35.691,8.01
20251017,96,2761,3.477,33.401,9.61
20251020,123,2761,4.455,35.647,8.0
20251021,111,2761,4.02,14.482,3.6
20251022,126,2761,4.564,34.369,7.53
20251023,107,2760,3.877,5.269,1.36
20251024,145,2760,5.254,39.988,7.61
20251027,163,2759,5.908,48.479,8.21
20251028,130,2759,4.712,14.199,3.01
20251029,154,2759,5.582,26.402,4.73
20251030,117,2759,4.241,36.052,8.5
20251031,117,2759,4.241,26.111,6.16
20251103,151,2760,5.471,40.574,7.42
20251104,131,2760,4.746,6.26,1.32
20251105,93,2760,3.37,0.902,0.27
20251106,106,2760,3.841,5.01,1.3
20251107,79,2761,2.861,0.709,0.25
20251110,111,2761,4.02,5.074,1.26
20251111,115,2761,4.165,4.986,1.2
20251112,144,2761,5.216,9.507,1.82
20251113,128,2761,4.636,6.735,1.45
20251114,90,2762,3.259,2.207,0.68
20251117,120,2763,4.343,3.06,0.7
20251118,86,2764,3.111,1.765,0.57
20251119,87,2764,3.148,0.87,0.28
20251120,107,2765,3.87,2.291,0.59
20251121,86,2766,3.109,1.117,0.36
20251124,75,2769,2.709,2.881,1.06
20251125,92,2769,3.322,2.088,0.63
20251126,112,2767,4.048,4.466,1.1
20251127,109,2769,3.936,1.908,0.48
20251128,126,2769,4.55,2.291,0.5
20251201,122,2770,4.404,2.428,0.55
20251202,147,2770,5.307,4.47,0.84
20251203,164,2770,5.921,4.254,0.72
20251204,154,2771,5.558,5.554,1.0
20251205,145,2772,5.231,6.721,1.28
20251208,146,2772,5.267,7.115,1.35
20251209,129,2773,4.652,3.721,0.8
20251210,112,2773,4.039,2.587,0.64
20251211,128,2775,4.613,4.06,0.88
20251212,145,2778,5.22,5.495,1.05
20251215,142,2779,5.11,1.451,0.28
20251216,96,2780,3.453,3.228,0.93
20251217,104,2781,3.74,0.729,0.19
20251218,95,2782,3.415,0.661,0.19
20251219,121,2783,4.348,1.126,0.26
20251222,135,2786,4.846,1.377,0.28
20251223,108,2787,3.875,17.941,4.63
20251224,104,2788,3.73,0.676,0.18
20251226,115,2788,4.125,21.204,5.14
20251229,120,2789,4.303,33.797,7.85
20251230,111,2788,3.981,31.809,7.99
20260102,142,2788,5.093,36.803,7.23
20260105,162,2788,5.811,38.409,6.61
20260106,149,2788,5.344,40.447,7.57
20260107,115,2786,4.128,41.294,10.0
20260108,110,2786,3.948,19.534,4.95
20260109,108,2786,3.877,8.562,2.21
20260112,127,2786,4.559,8.022,1.76
20260113,153,2786,5.492,18.176,3.31
20260114,139,2783,4.995,13.634,2.73
20260115,154,2781,5.538,33.94,6.13
20260116,142,2781,5.106,42.424,8.31
20260119,186,2781,6.688,46.876,7.01
20260120,163,2781,5.861,9.651,1.65
20260121,166,2782,5.967,31.646,5.3
20260122,149,2781,5.358,29.462,5.5
20260123,149,2781,5.358,23.648,4.41
20260126,193,2778,6.947,8.078,1.16
20260127,205,2776,7.385,47.009,6.37
20260128,238,2774,8.58,45.569,5.31
20260129,268,2773,9.665,24.85,2.57
20260130,225,2774,8.111,22.375,2.76
20260202,109,2774,3.929,0.869,0.22
20260203,241,2774,8.688,32.208,3.71
20260204,266,2773,9.592,34.756,3.62
20260205,168,2773,6.058,4.283,0.71
20260206,144,2773,5.193,6.304,1.21
20260209,222,2773,8.006,10.304,1.29
20260210,211,2772,7.612,10.607,1.39
20260211,217,2772,7.828,13.23,1.69
20260212,259,2771,9.347,39.246,4.2
20260213,208,2771,7.506,32.116,4.28
20260219,321,2771,11.584,39.053,3.37
20260220,315,2771,11.368,55.668,4.9
20260223,287,2770,10.361,47.201,4.56
20260224,259,2770,9.35,49.387,5.28
20260225,233,2770,8.412,54.234,6.45
20260226,227,2770,8.195,58.359,7.12
20260227,171,2770,6.173,10.517,1.7
20260303,103,2770,3.718,4.114,1.11
20260304,64,2769,2.311,0.154,0.07
20260305,84,2769,3.034,1.743,0.57
20260306,117,2770,4.224,4.936,1.17
20260309,76,2771,2.743,1.476,0.54
20260310,95,2771,3.428,0.883,0.26
20260311,119,2771,4.294,1.158,0.27
20260312,140,2771,5.052,1.807,0.36
20260313,136,2771,4.908,4.354,0.89
20260316,118,2770,4.26,0.924,0.22
20260317,104,2769,3.756,1.445,0.38
20260318,136,2768,4.913,6.199,1.26
20260319,125,2768,4.516,2.829,0.63
20260320,166,2769,5.995,4.443,0.74
20260323,86,2769,3.106,0.799,0.26
20260324,99,2769,3.575,0.48,0.13
20260325,149,2770,5.379,2.272,0.42
20260326,102,2771,3.681,1.364,0.37
20260327,117,2772,4.221,1.201,0.28
20260330,94,2771,3.392,0.957,0.28
20260331,70,2772,2.525,0.322,0.13
20260401,109,2773,3.931,1.259,0.32
20260402,90,2775,3.243,1.013,0.31
20260403,114,2774,4.11,1.851,0.45
20260406,105,2773,3.787,1.032,0.27
20260407,85,2773,3.065,2.15,0.7
20260408,131,2773,4.724,3.597,0.76
20260409,117,2773,4.219,3.896,0.92
20260410,158,2773,5.698,3.852,0.68
20260413,165,2773,5.95,3.64,0.61
20260414,193,2773,6.96,18.417,2.65
20260415,213,2771,7.687,19.641,2.56
20260416,203,2770,7.329,23.417,3.2
20260417,199,2770,7.184,4.421,0.62
20260420,189,2770,6.823,21.371,3.13
20260421,182,2769,6.573,47.522,7.23
20260422,209,2769,7.548,26.851,3.56
20260423,168,2770,6.065,47.022,7.75
20260424,232,2770,8.375,9.668,1.15
20260427,247,2770,8.917,49.194,5.52
20260428,209,2770,7.545,26.4,3.5
20260429,231,2771,8.336,34.784,4.17
20260430,156,2772,5.628,5.543,0.99
20260504,241,2771,8.697,51.592,5.93
20260506,231,2771,8.336,54.376,6.52
20260507,172,2770,6.209,52.269,8.42
20260508,183,2768,6.611,24.846,3.76
20260511,172,2769,6.212,52.663,8.48
20260512,126,2769,4.55,4.824,1.06
20260513,165,2769,5.959,31.12,5.22
20260514,156,2770,5.632,31.121,5.53
20260515,93,2770,3.357,1.487,0.44
20260518,116,2770,4.188,2.001,0.48
20260519,102,2769,3.684,0.702,0.19
20260520,90,2770,3.249,1.482,0.46
20260521,122,2770,4.404,29.965,6.8
20260522,157,2770,5.668,5.09,0.9
20260526,150,2770,5.415,25.847,4.77
20260527,104,2770,3.755,52.799,14.06
20260528,100,2770,3.61,24.999,6.92
20260529,95,2770,3.43,57.979,16.91
20260601,90,2770,3.249,57.853,17.81
20260602,76,2770,2.744,36.039,13.14
20260604,76,2770,2.744,4.527,1.65
20260605,67,2770,2.419,1.885,0.78
20260608,62,2771,2.237,0.212,0.09
20260609,72,2770,2.599,0.445,0.17
20260610,72,2769,2.6,0.519,0.2
20260611,81,2769,2.925,0.777,0.27
20260612,88,2768,3.179,0.887,0.28
20260615,78,2768,2.818,2.988,1.06
20260616,80,2768,2.89,26.292,9.1
20260617,84,2768,3.035,26.602,8.77
20260618,79,2767,2.855,55.643,19.49
20260619,77,2768,2.782,31.99,11.5
20260622,77,2768,2.782,30.421,10.94
20260623,61,2768,2.204,0.079,0.04
20260624,59,2768,2.132,0.075,0.04
20260625,64,2768,2.312,29.933,12.95
20260626,68,2768,2.457,0.266,0.11
20260629,64,2769,2.311,0.122,0.05
20260630,75,2769,2.709,0.455,0.17
20260701,79,2766,2.856,0.672,0.24
20260702,58,2766,2.097,0.116,0.06
20260703,62,2766,2.242,0.137,0.06
20260706,66,2767,2.385,0.835,0.35
20260707,60,2766,2.169,1.771,0.82
20260708,61,2765,2.206,0.087,0.04
20260709,58,2765,2.098,0.092,0.04
20260710,67,2765,2.423,1.903,0.79
20260713,62,2766,2.242,1.797,0.8
20260714,66,2766,2.386,0.824,0.35
20260715,76,2765,2.749,0.752,0.27
20260716,81,2765,2.929,1.166,0.4
20260720,70,2764,2.533,0.531,0.21
20260721,65,2764,2.352,0.128,0.05
20260722,65,2764,2.352,0.259,0.11
20260723,74,2764,2.677,0.773,0.29
20260724,67,2764,2.424,0.621,0.26
20260727,68,2765,2.459,0.128,0.05
20260728,63,2764,2.279,0.098,0.04
20260729,59,2764,2.135,0.171,0.08
20260730,61,2764,2.207,0.116,0.05
20260731,63,2763,2.28,0.104,0.05
20260803,66,2763,2.389,0.101,0.04
20260804,76,2696,2.819,0.304,0.11
20260805,74,2696,2.745,0.129,0.05
20260806,83,2696,3.079,0.436,0.14
20260807,78,2696,2.893,1.442,0.5
20260810,85,2695,3.154,0.277,0.09
20260811,90,2694,3.341,0.368,0.11
20260812,80,2694,2.97,0.396,0.13
20260813,77,2694,2.858,0.446,0.16
20260814,88,2694,3.267,0.641,0.2
20260818,77,2693,2.859,0.736,0.26
20260819,76,2693,2.822,0.416,0.15
20260820,74,2693,2.748,0.183,0.07
20260821,70,2693,2.599,0.203,0.08
20260824,74,2693,2.748,0.438,0.16
20260825,76,2692,2.823,0.597,0.21
20260826,75,2692,2.786,0.454,0.16
20260827,72,2692,2.675,0.104,0.04
