# 미국 실질 주택가격 지수 (1890=100) · Robert Shiller, Irrational Exuberance Fig 3-1 · 2026-08-23
# ⚠ 이미 물가를 뺀 «실질» 계열이다. 다른 실질 수익률과 바로 견줄 수 있다.
#   1953년 이전은 연 단위 자료를 그해 1월에 놓았다. 월별은 그 뒤부터다.
date,real_index
1890-01,100.0
1891-01,88.012
1892-01,95.422
1893-01,92.297
1894-01,123.98
1895-01,117.455
1896-01,100.303
1897-01,106.516
1898-01,110.184
1899-01,103.853
1900-01,101.574
1901-01,87.326
1902-01,100.474
1903-01,93.075
1904-01,101.854
1905-01,87.249
1906-01,103.525
1907-01,109.317
1908-01,100.819
1909-01,95.38
1910-01,93.111
1911-01,97.543
1912-01,102.365
1913-01,95.409
1914-01,96.977
1915-01,88.149
1916-01,93.725
1917-01,85.009
1918-01,75.567
1919-01,70.514
1920-01,66.074
1921-01,65.614
1922-01,74.796
1923-01,76.35
1924-01,74.287
1925-01,78.163
1926-01,72.491
1927-01,71.38
1928-01,73.282
1929-01,72.614
1930-01,69.492
1931-01,68.645
1932-01,68.337
1933-01,72.866
1934-01,73.279
1935-01,78.07
1936-01,79.415
1937-01,79.718
1938-01,78.465
1939-01,78.55
1940-01,81.731
1941-01,73.816
1942-01,68.503
1943-01,70.923
1944-01,80.309
1945-01,87.75
1946-01,106.506
1947-01,109.33
1948-01,101.223
1949-01,100.047
1950-01,105.895
1951-01,103.899
1952-01,103.974
1953-02,114.713
1953-03,114.713
1953-03,115.146
1953-04,114.98
1953-05,114.682
1953-06,114.254
1953-07,114.518
1953-08,114.224
1953-09,114.356
1953-10,113.933
1953-11,114.224
1953-12,114.224
1954-01,114.224
1954-02,114.356
1954-03,114.356
1954-04,114.651
1954-05,114.224
1954-06,114.356
1954-07,114.751
1954-08,115.015
1954-09,115.709
1954-10,115.576
1954-11,115.576
1954-12,116.142
1955-01,116.275
1955-02,115.876
1955-03,115.611
1955-04,114.947
1955-05,114.947
1955-06,115.478
1955-07,115.444
1955-08,116.105
1955-09,115.937
1955-10,115.805
1955-11,115.542
1955-12,115.709
1956-01,115.444
1956-02,115.047
1956-03,114.651
1956-04,113.697
1956-05,113.408
1956-06,113.746
1956-07,113.822
1956-08,115.017
1956-09,114.468
1956-10,113.923
1956-11,113.665
1956-12,113.382
1957-01,113.767
1957-02,114.38
1957-03,113.969
1957-04,114.322
1957-05,114.294
1957-06,113.509
1957-07,112.706
1957-08,112.706
1957-09,113.082
1957-10,113.708
1957-11,113.308
1957-12,113.183
1958-01,112.515
1958-02,112.515
1958-03,112.719
1958-04,112.574
1958-05,112.819
1958-06,112.206
1958-07,111.819
1958-08,112.083
1958-09,111.715
1958-10,111.593
1958-11,111.452
1958-12,111.961
1959-01,111.33
1959-02,111.593
1959-03,111.593
1959-04,111.208
1959-05,111.697
1959-06,111.313
1959-07,110.568
1959-08,110.446
1959-09,110.311
1959-10,110.539
1959-11,110.659
1959-12,110.177
1960-01,110.916
1960-02,110.539
1960-03,110.539
1960-04,110.164
1960-05,109.924
1960-06,109.313
1960-07,109.313
1960-08,109.792
1960-09,110.271
1960-10,109.887
1960-11,109.531
1960-12,109.531
1961-01,109.531
1961-02,109.293
1961-03,109.531
1961-04,109.055
1961-05,109.412
1961-06,109.293
1961-07,108.919
1961-08,109.401
1961-09,109.037
1961-10,109.037
1961-11,109.627
1961-12,109.864
1962-01,109.982
1962-02,109.381
1962-03,109.381
1962-04,109.019
1962-05,109.605
1962-06,109.723
1962-07,109.361
1962-08,109.361
1962-09,108.884
1962-10,108.651
1962-11,108.768
1962-12,108.768
1963-01,108.884
1963-02,108.884
1963-03,109.108
1963-04,109.573
1963-05,109.341
1963-06,108.983
1963-07,108.859
1963-08,108.859
1963-09,108.859
1963-10,108.506
1963-11,109.196
1963-12,109.302
1964-01,109.302
1964-02,109.646
1964-03,109.646
1964-04,109.302
1964-05,108.843
1964-06,108.835
1964-07,108.713
1964-08,109.406
1964-09,109.396
1964-10,109.624
1964-11,109.614
1964-12,109.614
1965-01,110.295
1965-02,110.295
1965-03,109.603
1965-04,109.028
1965-05,108.916
1965-06,108.226
1965-07,108.451
1965-08,108.451
1965-09,108.451
1965-10,108.779
1965-11,109.338
1965-12,109.329
1966-01,109.663
1966-02,108.756
1966-03,108.417
1966-04,107.856
1966-05,108.075
1966-06,107.96
1966-07,107.737
1966-08,106.753
1966-09,106.753
1966-10,106.535
1966-11,106.535
1966-12,106.966
1967-01,106.966
1967-02,106.966
1967-03,105.89
1967-04,105.998
1967-05,106.32
1967-06,106.213
1967-07,105.895
1967-08,106.214
1967-09,105.898
1967-10,106.004
1967-11,106.005
1967-12,106.215
1968-01,105.488
1968-02,105.698
1968-03,105.183
1968-04,104.877
1968-05,104.265
1968-06,104.481
1968-07,104.289
1968-08,104.295
1968-09,103.997
1968-10,104.111
1968-11,105.018
1968-12,105.621
1969-01,105.822
1969-02,105.726
1969-03,105.731
1969-04,105.246
1969-05,105.443
1969-06,105.158
1969-07,105.549
1969-08,105.649
1969-09,106.129
1969-10,106.415
1969-11,106.32
1969-12,106.414
1970-01,107.163
1970-02,107.346
1970-03,107.34
1970-04,106.964
1970-05,107.513
1970-06,107.69
1970-07,107.41
1970-08,108.41
1970-09,108.941
1970-10,108.928
1970-11,109.004
1970-12,109.08
1971-01,109.347
1971-02,108.807
1971-03,108.535
1971-04,108.618
1971-05,108.87
1971-06,109.2
1971-07,109.106
1971-08,109.186
1971-09,109.447
1971-10,109.526
1971-11,110.392
1971-12,110.114
1972-01,110.459
1972-02,110.181
1972-03,109.829
1972-04,109.736
1972-05,109.813
1972-06,110.229
1972-07,110.803
1972-08,110.961
1972-09,110.613
1972-10,110.006
1972-11,109.83
1972-12,109.655
1973-01,109.148
1973-02,108.385
1973-03,107.466
1973-04,106.726
1973-05,106.239
1973-06,105.758
1973-07,105.44
1973-08,104.512
1973-09,104.673
1973-10,104.532
1973-11,104.312
1973-12,104.325
1974-01,104.266
1974-02,103.767
1974-03,103.576
1974-04,103.514
1974-05,102.746
1974-06,102.486
1974-07,102.159
1974-08,101.854
1974-09,101.627
1974-10,101.465
1974-11,101.434
1974-12,102.223
1975-01,103.775
1975-02,103.151
1975-03,103.003
1975-04,102.764
1975-05,102.486
1975-06,101.669
1975-07,101.116
1975-08,101.541
1975-09,101.986
1975-10,102.142
1975-11,102.092
1975-12,102.067
1976-01,102.361
1976-02,102.247
1976-03,102.929
1976-04,103.538
1976-05,103.961
1976-06,103.705
1976-07,104.037
1976-08,104.179
1976-09,104.564
1976-10,104.359
1976-11,104.78
1976-12,105.292
1977-01,105.637
1977-02,105.799
1977-03,106.584
1977-04,107.564
1977-05,108.346
1977-06,108.435
1977-07,109.01
1977-08,109.756
1977-09,110.841
1977-10,111.884
1977-11,112.493
1977-12,113.14
1978-01,113.543
1978-02,114.083
1978-03,114.759
1978-04,115.351
1978-05,115.851
1978-06,116.33
1978-07,117.07
1978-08,118.077
1978-09,118.425
1978-10,118.511
1978-11,119.228
1978-12,120.1
1979-01,120.621
1979-02,120.717
1979-03,121.1
1979-04,121.286
1979-05,121.321
1979-06,121.5
1979-07,121.514
1979-08,121.57
1979-09,121.282
1979-10,121.376
1979-11,121.116
1979-12,120.575
1980-01,119.478
1980-02,118.499
1980-03,117.72
1980-04,117.505
1980-05,117.18
1980-06,116.609
1980-07,117.419
1980-08,117.256
1980-09,116.837
1980-10,116.196
1980-11,115.703
1980-12,115.089
1981-01,114.525
1981-02,113.815
1981-03,113.715
1981-04,113.953
1981-05,113.849
1981-06,113.573
1981-07,112.913
1981-08,112.631
1981-09,111.753
1981-10,111.66
1981-11,111.309
1981-12,111.045
1982-01,110.767
1982-02,110.594
1982-03,110.648
1982-04,110.323
1982-05,109.428
1982-06,108.067
1982-07,107.485
1982-08,107.219
1982-09,107.037
1982-10,106.708
1982-11,106.932
1982-12,107.552
1983-01,107.693
1983-02,108.143
1983-03,108.593
1983-04,108.378
1983-05,108.263
1983-06,108.466
1983-07,108.649
1983-08,108.804
1983-09,108.552
1983-10,108.436
1983-11,108.369
1983-12,108.545
1984-01,108.223
1984-02,108.042
1984-03,108.321
1984-04,108.4
1984-05,108.768
1984-06,109.079
1984-07,109.26
1984-08,109.364
1984-09,109.163
1984-10,109.053
1984-11,109.069
1984-12,109.307
1985-01,109.477
1985-02,109.455
1985-03,109.665
1985-04,109.891
1985-05,110.317
1985-06,110.803
1985-07,111.389
1985-08,111.951
1985-09,112.362
1985-10,112.581
1985-11,112.883
1985-12,113.175
1986-01,113.544
1986-02,114.529
1986-03,115.923
1986-04,117.206
1986-05,117.994
1986-06,118.516
1986-07,119.694
1986-08,120.511
1986-09,120.856
1986-10,121.423
1986-11,121.918
1986-12,122.706
1987-01,122.638
1987-02,122.965
1987-03,123.056
1987-04,123.358
1987-05,124.008
1987-06,124.836
1987-07,125.575
1987-08,125.819
1987-09,125.822
1987-10,126.01
1987-11,126.253
1987-12,126.721
1988-01,126.832
1988-02,127.118
1988-03,127.324
1988-04,127.521
1988-05,128.216
1988-06,128.868
1988-07,129.442
1988-08,129.795
1988-09,129.623
1988-10,129.633
1988-11,129.956
1988-12,130.119
1989-01,130.073
1989-02,130.156
1989-03,130.184
1989-04,130.134
1989-05,130.138
1989-06,130.515
1989-07,130.794
1989-08,130.98
1989-09,130.816
1989-10,130.305
1989-11,130.051
1989-12,129.806
1990-01,128.53
1990-02,128.028
1990-03,127.669
1990-04,127.882
1990-05,128.013
1990-06,127.667
1990-07,127.268
1990-08,125.976
1990-09,124.528
1990-10,123.274
1990-11,122.148
1990-12,121.494
1991-01,120.074
1991-02,119.444
1991-03,119.089
1991-04,119.197
1991-05,119.56
1991-06,119.971
1991-07,120.21
1991-08,119.978
1991-09,119.424
1991-10,118.806
1991-11,118.058
1991-12,117.682
1992-01,117.287
1992-02,116.796
1992-03,116.452
1992-04,116.694
1992-05,117.014
1992-06,116.908
1992-07,116.825
1992-08,116.525
1992-09,116.038
1992-10,115.583
1992-11,115.392
1992-12,115.3
1993-01,114.63
1993-02,114.128
1993-03,113.814
1993-04,113.911
1993-05,114.3
1993-06,114.862
1993-07,115.409
1993-08,115.454
1993-09,115.314
1993-10,114.801
1993-11,114.719
1993-12,114.635
1994-01,114.448
1994-02,114.066
1994-03,113.888
1994-04,114.245
1994-05,114.904
1994-06,115.227
1994-07,115.439
1994-08,115.339
1994-09,115.063
1994-10,114.934
1994-11,114.588
1994-12,114.458
1995-01,113.928
1995-02,113.426
1995-03,113.172
1995-04,113.211
1995-05,113.441
1995-06,113.747
1995-07,114.229
1995-08,114.269
1995-09,114.163
1995-10,113.776
1995-11,113.716
1995-12,113.626
1996-01,112.844
1996-02,112.441
1996-03,112.229
1996-04,112.427
1996-05,112.863
1996-06,113.402
1996-07,113.689
1996-08,113.78
1996-09,113.497
1996-10,113.039
1996-11,112.727
1996-12,112.639
1997-01,112.339
1997-02,112.076
1997-03,112.217
1997-04,112.623
1997-05,113.419
1997-06,113.99
1997-07,114.439
1997-08,114.638
1997-09,114.566
1997-10,114.411
1997-11,114.778
1997-12,115.207
1998-01,115.41
1998-02,115.474
1998-03,115.925
1998-04,116.608
1998-05,117.466
1998-06,118.399
1998-07,119.125
1998-08,119.697
1998-09,120.001
1998-10,120.032
1998-11,120.289
1998-12,120.685
1999-01,120.743
1999-02,120.942
1999-03,121.394
1999-04,121.58
1999-05,122.769
1999-06,124.061
1999-07,124.753
1999-08,125.357
1999-09,125.4
1999-10,125.726
1999-11,126.055
1999-12,126.556
2000-01,126.761
2000-02,126.734
2000-03,126.816
2000-04,128.084
2000-05,129.383
2000-06,130.14
2000-07,130.911
2000-08,131.902
2000-09,131.975
2000-10,132.476
2000-11,133.091
2000-12,133.784
2001-01,133.46
2001-02,133.449
2001-03,134.06
2001-04,134.561
2001-05,135.105
2001-06,136.164
2001-07,137.697
2001-08,138.615
2001-09,138.565
2001-10,139.293
2001-11,139.719
2001-12,140.537
2002-01,140.68
2002-02,140.702
2002-03,141.128
2002-04,141.865
2002-05,143.744
2002-06,145.503
2002-07,146.95
2002-08,147.697
2002-09,148.355
2002-10,148.868
2002-11,149.465
2002-12,150.397
2003-01,150.325
2003-02,149.963
2003-03,150.209
2003-04,151.909
2003-05,153.733
2003-06,155.18
2003-07,156.666
2003-08,157.599
2003-09,158.372
2003-10,159.584
2003-11,160.932
2003-12,162.109
2004-01,162.565
2004-02,163.214
2004-03,164.51
2004-04,166.374
2004-05,167.845
2004-06,169.777
2004-07,172.101
2004-08,173.678
2004-09,174.77
2004-10,175.189
2004-11,176.439
2004-12,178.408
2005-01,179.672
2005-02,180.643
2005-03,182.177
2005-04,183.624
2005-05,186.614
2005-06,189.237
2005-07,190.646
2005-08,191.664
2005-09,191.167
2005-10,192.007
2005-11,194.561
2005-12,195.823
2006-01,195.12
2006-02,195.451
2006-03,195.713
2006-04,195.016
2006-05,194.826
2006-06,194.618
2006-07,194.108
2006-08,193.514
2006-09,194.25
2006-10,195.156
2006-11,194.999
2006-12,194.283
2007-01,193.151
2007-02,191.864
2007-03,189.843
2007-04,188.552
2007-05,187.153
2007-06,186.438
2007-07,185.923
2007-08,185.484
2007-09,183.832
2007-10,181.809
2007-11,178.325
2007-12,176.587
2008-01,173.423
2008-02,171.014
2008-03,168.255
2008-04,166.663
2008-05,164.972
2008-06,162.853
2008-07,161.2
2008-08,160.444
2008-09,158.352
2008-10,157.252
2008-11,157.208
2008-12,155.262
2009-01,151.364
2009-02,148.856
2009-03,147.386
2009-04,147.448
2009-05,148.251
2009-06,148.602
2009-07,149.784
2009-08,149.369
2009-09,148.243
2009-10,147.069
2009-11,146.326
2009-12,145.322
2010-01,143.187
2010-02,141.227
2010-03,141.183
2010-04,142.711
2010-05,144.205
2010-06,144.999
2010-07,144.831
2010-08,143.518
2010-09,141.653
2010-10,140.031
2010-11,138.692
2010-12,137.292
2011-01,135.095
2011-02,133.17
2011-03,131.935
2011-04,132.394
2011-05,133.227
2011-06,134.556
2011-07,134.814
2011-08,133.917
2011-09,132.19
2011-10,130.802
2011-11,129.262
2011-12,128.162
2012-01,126.655
2012-02,125.938
2012-03,126.732
2012-04,128.774
2012-05,131.325
2012-06,133.496
2012-07,134.755
2012-08,134.402
2012-09,133.483
2012-10,133.174
2012-11,133.801
2012-12,134.075
2013-01,134.093
2013-02,133.786
2013-03,136.01
2013-04,138.919
2013-05,141.328
2013-06,143.344
2013-07,144.992
2013-08,145.832
2013-09,145.916
2013-10,146.185
2013-11,146.306
2013-12,146.242
2014-01,145.782
2014-02,145.703
2014-03,145.963
2014-04,147.091
2014-05,148.122
2014-06,149.22
2014-07,150.108
2014-08,150.643
2014-09,150.34
2014-10,150.421
2014-11,151.008
2014-12,151.689
2015-01,152.214
2015-02,151.903
2015-03,152.325
2015-04,153.716
2015-05,154.628
2015-06,155.524
2015-07,156.451
2015-08,157.07
2015-09,157.411
2015-10,157.487
2015-11,157.904
2015-12,158.422
2016-01,158.089
2016-02,158.18
2016-03,158.687
2016-04,159.631
2016-05,160.633
2016-06,161.503
2016-07,162.746
2016-08,163.164
2016-09,163.03
2016-10,162.893
2016-11,163.335
2016-12,163.434
2017-01,162.709
2017-02,162.521
2017-03,163.713
2017-04,164.992
2017-05,166.598
2017-06,167.957
2017-07,169.162
2017-08,169.385
2017-09,168.899
2017-10,169.237
2017-11,169.549
2017-12,169.992
2018-01,169.302
2018-02,169.216
2018-03,170.265
2018-04,171.336
2018-05,172.19
2018-06,173.269
2018-07,174.029
2018-08,174.253
2018-09,174.09
2018-10,173.779
2018-11,174.139
2018-12,174.349
2019-01,173.597
2019-02,173.059
2019-03,173.222
2019-04,173.911
2019-05,174.931
2019-06,175.93
2019-07,176.265
2019-08,176.573
2019-09,176.583
2019-10,176.256
2019-11,176.465
2019-12,176.734
2020-01,176.185
2020-02,176.383
2020-03,178.408
2020-04,181.317
2020-05,182.356
2020-06,182.464
2020-07,182.995
2020-08,184.462
2020-09,186.47
2020-10,188.871
2020-11,191.05
2020-12,192.558
2021-01,193.441
2021-02,194.642
2021-03,197.308
2021-04,200.184
2021-05,203.06
2021-06,205.699
2021-07,208.11
2021-08,210.243
2021-09,211.745
2021-10,211.715
2021-11,212.51
2021-12,213.839
2022-01,214.628
2022-02,216.639
2022-03,219.617
2022-04,223.339
2022-05,224.405
2022-06,222.647
2022-07,221.81
2022-08,219.375
2022-09,216.598
2022-10,214.45
2022-11,213.338
2022-12,212.187
2023-01,209.35
